time,u100_m_s,v100_m_s,wind_speed_m_s,wind_speed_kmh,wind_direction_deg,power_density_W_m2,place_name,requested_latitude,requested_longitude,selected_latitude,selected_longitude
2025-01-05 00:00:00,-4.357712,0.25491333,4.3651614,15.714581,93.34781,50.94564,Bangalore,12.9616,77.5945,13.0,77.5
2025-01-05 01:00:00,-3.6559753,0.24345398,3.6640723,13.1906595,93.80972,30.129936,Bangalore,12.9616,77.5945,13.0,77.5
2025-01-05 02:00:00,-3.115265,0.3327484,3.1329854,11.278747,96.09677,18.835676,Bangalore,12.9616,77.5945,13.0,77.5
2025-01-05 03:00:00,-3.0736847,0.33242798,3.0916088,11.129791,96.1727,18.099213,Bangalore,12.9616,77.5945,13.0,77.5
2025-01-05 04:00:00,-2.8291168,0.0786438,2.8302097,10.188755,91.592285,13.885514,Bangalore,12.9616,77.5945,13.0,77.5
2025-01-05 05:00:00,-2.6763458,-0.43052673,2.7107527,9.75871,80.86148,12.200449,Bangalore,12.9616,77.5945,13.0,77.5
2025-01-05 06:00:00,-2.5330505,-0.9029236,2.6891663,9.680999,70.38104,11.911298,Bangalore,12.9616,77.5945,13.0,77.5
2025-01-05 07:00:00,-2.3390808,-1.0366211,2.5584922,9.210571,66.0983,10.257898,Bangalore,12.9616,77.5945,13.0,77.5
2025-01-05 08:00:00,-2.1466675,-0.93382263,2.3409839,8.427542,66.49045,7.857807,Bangalore,12.9616,77.5945,13.0,77.5
2025-01-05 09:00:00,-2.0964355,-0.9589691,2.3053555,8.29928,65.41931,7.504467,Bangalore,12.9616,77.5945,13.0,77.5
2025-01-05 10:00:00,-1.8567657,-0.82333374,2.0311222,7.31204,66.086365,5.132326,Bangalore,12.9616,77.5945,13.0,77.5
2025-01-05 11:00:00,-2.1407013,-1.1313171,2.421256,8.716521,62.14444,8.694173,Bangalore,12.9616,77.5945,13.0,77.5
2025-01-05 12:00:00,-2.843521,-1.0767059,3.040544,10.945958,69.26071,17.2171,Bangalore,12.9616,77.5945,13.0,77.5
2025-01-05 13:00:00,-4.0269623,-0.7728729,4.100458,14.761649,79.13565,42.228268,Bangalore,12.9616,77.5945,13.0,77.5
2025-01-05 14:00:00,-5.1369934,-0.4375,5.15559,18.560123,85.13205,83.93464,Bangalore,12.9616,77.5945,13.0,77.5
2025-01-05 15:00:00,-5.777649,0.16059875,5.7798805,20.80757,91.592224,118.266754,Bangalore,12.9616,77.5945,13.0,77.5
2025-01-05 16:00:00,-6.342804,1.0676422,6.4320307,23.15531,99.55466,162.98605,Bangalore,12.9616,77.5945,13.0,77.5
2025-01-05 17:00:00,-6.546753,1.8385162,6.800009,24.48003,105.68628,192.59036,Bangalore,12.9616,77.5945,13.0,77.5
2025-01-05 18:00:00,-6.2447968,2.12883,6.5976815,23.751654,108.824066,175.90579,Bangalore,12.9616,77.5945,13.0,77.5
2025-01-05 19:00:00,-5.738388,1.9657288,6.0657387,21.836658,108.90927,136.69644,Bangalore,12.9616,77.5945,13.0,77.5
2025-01-05 20:00:00,-5.27182,1.771164,5.5613947,20.02102,108.57071,105.35551,Bangalore,12.9616,77.5945,13.0,77.5
2025-01-05 21:00:00,-4.824341,1.6245117,5.0905113,18.32584,108.61005,80.79608,Bangalore,12.9616,77.5945,13.0,77.5
2025-01-05 22:00:00,-4.227707,1.6903229,4.5530977,16.391151,111.79254,57.8132,Bangalore,12.9616,77.5945,13.0,77.5
2025-01-05 23:00:00,-3.2951355,0.99746704,3.4427981,12.394073,106.84152,24.994287,Bangalore,12.9616,77.5945,13.0,77.5
2025-01-06 00:00:00,-2.234665,0.7460327,2.3559058,8.48126,108.461365,8.009028,Bangalore,12.9616,77.5945,13.0,77.5
2025-01-06 01:00:00,-1.6397095,0.5262451,1.7220863,6.1995106,107.793396,3.1280296,Bangalore,12.9616,77.5945,13.0,77.5
2025-01-06 02:00:00,-1.5692902,0.06843567,1.5707817,5.654814,92.49704,2.3738518,Bangalore,12.9616,77.5945,13.0,77.5
2025-01-06 03:00:00,-1.6011047,-0.17506409,1.6106471,5.7983294,83.76007,2.5592182,Bangalore,12.9616,77.5945,13.0,77.5
2025-01-06 04:00:00,-1.5772858,-0.27934265,1.6018311,5.7665915,79.95685,2.5174234,Bangalore,12.9616,77.5945,13.0,77.5
2025-01-06 05:00:00,-1.4302216,-0.35325623,1.4732019,5.3035264,76.12598,1.9583616,Bangalore,12.9616,77.5945,13.0,77.5
2025-01-06 06:00:00,-1.4490814,-0.33410645,1.4870993,5.353557,77.01654,2.0143085,Bangalore,12.9616,77.5945,13.0,77.5
2025-01-06 07:00:00,-1.6705322,-0.26654053,1.6916625,6.089985,80.93463,2.9651544,Bangalore,12.9616,77.5945,13.0,77.5
2025-01-06 08:00:00,-1.964859,0.033462524,1.965144,7.074518,90.97568,4.6482477,Bangalore,12.9616,77.5945,13.0,77.5
2025-01-06 09:00:00,-2.2658386,0.4330902,2.3068576,8.3046875,100.82092,7.519145,Bangalore,12.9616,77.5945,13.0,77.5
2025-01-06 10:00:00,-2.2420197,0.99890137,2.4544768,8.836117,114.01471,9.05697,Bangalore,12.9616,77.5945,13.0,77.5
2025-01-06 11:00:00,-2.079132,1.111145,2.357421,8.486715,118.12125,8.024491,Bangalore,12.9616,77.5945,13.0,77.5
2025-01-06 12:00:00,-2.3453827,1.4996185,2.783824,10.021766,122.59451,13.213913,Bangalore,12.9616,77.5945,13.0,77.5
2025-01-06 13:00:00,-3.0470276,2.5216217,3.9551172,14.238421,129.61005,37.8952,Bangalore,12.9616,77.5945,13.0,77.5
2025-01-06 14:00:00,-3.7710114,3.216446,4.956415,17.843094,130.46216,74.57773,Bangalore,12.9616,77.5945,13.0,77.5
2025-01-06 15:00:00,-4.167038,3.41391,5.3869276,19.392939,129.32657,95.74796,Bangalore,12.9616,77.5945,13.0,77.5
2025-01-06 16:00:00,-4.8578644,3.6679535,6.0870953,21.913542,127.05478,138.14539,Bangalore,12.9616,77.5945,13.0,77.5
2025-01-06 17:00:00,-5.2743835,3.7350464,6.4629474,23.26661,125.30417,165.34763,Bangalore,12.9616,77.5945,13.0,77.5
2025-01-06 18:00:00,-4.941101,3.5442352,6.0807962,21.890865,125.65173,137.71696,Bangalore,12.9616,77.5945,13.0,77.5
2025-01-06 19:00:00,-4.495636,3.233902,5.5379477,19.936611,125.729065,104.02857,Bangalore,12.9616,77.5945,13.0,77.5
2025-01-06 20:00:00,-3.991043,2.9036713,4.935558,17.768007,126.03763,73.640175,Bangalore,12.9616,77.5945,13.0,77.5
2025-01-06 21:00:00,-3.825058,2.566574,4.6063404,16.582825,123.861206,59.865166,Bangalore,12.9616,77.5945,13.0,77.5
2025-01-06 22:00:00,-4.0043488,2.8275604,4.902031,17.64731,125.226776,72.14965,Bangalore,12.9616,77.5945,13.0,77.5
2025-01-06 23:00:00,-3.663086,1.9530334,4.1512094,14.944353,118.065,43.815727,Bangalore,12.9616,77.5945,13.0,77.5
2025-01-07 00:00:00,-3.5994568,1.505539,3.9016325,14.0458765,112.698,36.378532,Bangalore,12.9616,77.5945,13.0,77.5
2025-01-07 01:00:00,-3.8705902,1.1708069,4.0437922,14.5576515,106.829926,40.501637,Bangalore,12.9616,77.5945,13.0,77.5
2025-01-07 02:00:00,-4.3428802,0.6171112,4.386506,15.791422,98.08743,51.696636,Bangalore,12.9616,77.5945,13.0,77.5
2025-01-07 03:00:00,-3.218811,0.24972534,3.2284837,11.62254,94.43628,20.611134,Bangalore,12.9616,77.5945,13.0,77.5
2025-01-07 04:00:00,-2.6163177,0.6289978,2.6908655,9.687116,103.51813,11.933891,Bangalore,12.9616,77.5945,13.0,77.5
2025-01-07 05:00:00,-2.3029938,0.20741272,2.312315,8.324334,95.1463,7.572636,Bangalore,12.9616,77.5945,13.0,77.5
2025-01-07 06:00:00,-2.1514587,-0.48620605,2.2057133,7.9405675,77.265686,6.5728436,Bangalore,12.9616,77.5945,13.0,77.5
2025-01-07 07:00:00,-2.1447601,-0.65509033,2.2425742,8.073267,73.01535,6.9079084,Bangalore,12.9616,77.5945,13.0,77.5
2025-01-07 08:00:00,-2.0052948,-0.71307373,2.128305,7.6618977,70.424835,5.904834,Bangalore,12.9616,77.5945,13.0,77.5
2025-01-07 09:00:00,-1.8860168,-0.7060089,2.0138292,7.249785,69.47717,5.0023494,Bangalore,12.9616,77.5945,13.0,77.5
2025-01-07 10:00:00,-1.195755,-0.6857147,1.3784175,4.9623027,60.16754,1.6041628,Bangalore,12.9616,77.5945,13.0,77.5
2025-01-07 11:00:00,-1.2856293,-0.72865295,1.477761,5.3199396,60.45685,1.9765997,Bangalore,12.9616,77.5945,13.0,77.5
2025-01-07 12:00:00,-1.8735352,-0.61857605,1.9730104,7.1028376,71.72858,4.704292,Bangalore,12.9616,77.5945,13.0,77.5
2025-01-07 13:00:00,-2.772934,-0.2250061,2.782048,10.015372,85.36096,13.188639,Bangalore,12.9616,77.5945,13.0,77.5
2025-01-07 14:00:00,-3.860321,-0.078567505,3.8611205,13.900033,88.834045,35.257065,Bangalore,12.9616,77.5945,13.0,77.5
2025-01-07 15:00:00,-4.7711487,-0.13169861,4.772966,17.182676,88.41885,66.59952,Bangalore,12.9616,77.5945,13.0,77.5
2025-01-07 16:00:00,-5.4406586,-0.1930542,5.4440827,19.598698,87.96777,98.82806,Bangalore,12.9616,77.5945,13.0,77.5
2025-01-07 17:00:00,-5.7177734,-0.023010254,5.7178197,20.58415,89.76941,114.49789,Bangalore,12.9616,77.5945,13.0,77.5
2025-01-07 18:00:00,-6.013504,0.057022095,6.0137744,21.649588,90.543274,133.21327,Bangalore,12.9616,77.5945,13.0,77.5
2025-01-07 19:00:00,-6.241394,0.30221558,6.2487063,22.495342,92.772156,149.4433,Bangalore,12.9616,77.5945,13.0,77.5
2025-01-07 20:00:00,-6.180893,0.6271057,6.212624,22.365446,95.793335,146.8694,Bangalore,12.9616,77.5945,13.0,77.5
2025-01-07 21:00:00,-5.7704926,0.94433594,5.847252,21.050106,99.29401,122.45077,Bangalore,12.9616,77.5945,13.0,77.5
2025-01-07 22:00:00,-5.4091187,0.88217163,5.480583,19.730099,99.26282,100.82922,Bangalore,12.9616,77.5945,13.0,77.5
2025-01-07 23:00:00,-4.558426,0.49160767,4.5848584,16.50549,96.155334,59.03151,Bangalore,12.9616,77.5945,13.0,77.5
2025-01-08 00:00:00,-3.9481354,-0.1023407,3.9494615,14.2180605,88.51514,37.73286,Bangalore,12.9616,77.5945,13.0,77.5
2025-01-08 01:00:00,-3.7992249,-0.867218,3.8969445,14.029,77.141846,36.24756,Bangalore,12.9616,77.5945,13.0,77.5
2025-01-08 02:00:00,-3.5912476,-1.3591461,3.8398356,13.823408,69.270325,34.6772,Bangalore,12.9616,77.5945,13.0,77.5
2025-01-08 03:00:00,-2.6896667,-1.0780792,2.8976822,10.431656,68.15796,14.902473,Bangalore,12.9616,77.5945,13.0,77.5
2025-01-08 04:00:00,-2.6705933,-0.9563141,2.836654,10.211954,70.298035,13.980579,Bangalore,12.9616,77.5945,13.0,77.5
2025-01-08 05:00:00,-2.6334534,-1.8415527,3.2134705,11.568493,55.035217,20.324928,Bangalore,12.9616,77.5945,13.0,77.5
2025-01-08 06:00:00,-2.681305,-2.3369904,3.5568132,12.804527,48.92502,27.560638,Bangalore,12.9616,77.5945,13.0,77.5
2025-01-08 07:00:00,-2.9062042,-2.4239044,3.784354,13.623674,50.17038,33.195663,Bangalore,12.9616,77.5945,13.0,77.5
2025-01-08 08:00:00,-3.1558838,-2.1824493,3.8370154,13.813255,55.33423,34.600845,Bangalore,12.9616,77.5945,13.0,77.5
2025-01-08 09:00:00,-3.3063965,-1.9407043,3.8338742,13.801947,59.58899,34.515938,Bangalore,12.9616,77.5945,13.0,77.5
2025-01-08 10:00:00,-3.1670532,-1.8662109,3.6759992,13.233597,59.490936,30.42512,Bangalore,12.9616,77.5945,13.0,77.5
2025-01-08 11:00:00,-3.3256378,-1.7799683,3.7720225,13.579281,61.84314,32.87221,Bangalore,12.9616,77.5945,13.0,77.5
2025-01-08 12:00:00,-3.7342682,-1.3687134,3.9772022,14.317927,69.8707,38.533558,Bangalore,12.9616,77.5945,13.0,77.5
2025-01-08 13:00:00,-5.055481,-1.1065826,5.175173,18.630621,77.65338,84.89472,Bangalore,12.9616,77.5945,13.0,77.5
2025-01-08 14:00:00,-6.236084,-0.56159973,6.261321,22.540754,84.854034,150.3502,Bangalore,12.9616,77.5945,13.0,77.5
2025-01-08 15:00:00,-6.8616486,0.12362671,6.862762,24.705942,91.032166,197.9716,Bangalore,12.9616,77.5945,13.0,77.5
2025-01-08 16:00:00,-7.113144,0.47924805,7.1292706,25.665373,93.85446,221.94298,Bangalore,12.9616,77.5945,13.0,77.5
2025-01-08 17:00:00,-7.147461,0.48712158,7.164041,25.790546,93.898865,225.20616,Bangalore,12.9616,77.5945,13.0,77.5
2025-01-08 18:00:00,-7.159912,0.2691803,7.1649704,25.793892,92.153046,225.29384,Bangalore,12.9616,77.5945,13.0,77.5
2025-01-08 19:00:00,-7.0713196,0.06121826,7.071584,25.457703,90.496,216.5989,Bangalore,12.9616,77.5945,13.0,77.5
2025-01-08 20:00:00,-6.794464,-0.23942566,6.7986813,24.475252,87.98181,192.47758,Bangalore,12.9616,77.5945,13.0,77.5
2025-01-08 21:00:00,-6.3699036,-0.6244049,6.400434,23.041561,84.40149,160.59587,Bangalore,12.9616,77.5945,13.0,77.5
2025-01-08 22:00:00,-6.1848145,-0.16056824,6.1868987,22.272835,88.51282,145.05246,Bangalore,12.9616,77.5945,13.0,77.5
2025-01-08 23:00:00,-5.550354,-0.2883606,5.55784,20.008223,87.02594,105.15362,Bangalore,12.9616,77.5945,13.0,77.5
2025-01-09 00:00:00,-5.215103,-0.75845337,5.269967,18.971882,81.72525,89.645775,Bangalore,12.9616,77.5945,13.0,77.5
2025-01-09 01:00:00,-5.646286,-1.2090149,5.774276,20.787392,77.914,117.923035,Bangalore,12.9616,77.5945,13.0,77.5
2025-01-09 02:00:00,-5.7610474,-0.9829712,5.844305,21.039497,80.31723,122.265724,Bangalore,12.9616,77.5945,13.0,77.5
2025-01-09 03:00:00,-5.2663116,-0.56108093,5.2961164,19.06602,83.91855,90.98685,Bangalore,12.9616,77.5945,13.0,77.5
2025-01-09 04:00:00,-5.515442,-0.10417175,5.5164256,19.85913,88.91797,102.82043,Bangalore,12.9616,77.5945,13.0,77.5
2025-01-09 05:00:00,-5.9622498,0.30500793,5.9700465,21.492167,92.9285,130.32845,Bangalore,12.9616,77.5945,13.0,77.5
2025-01-09 06:00:00,-5.9763184,0.5976715,6.0061297,21.622066,95.71097,132.7059,Bangalore,12.9616,77.5945,13.0,77.5
2025-01-09 07:00:00,-5.489395,0.8858948,5.5604196,20.01751,99.16751,105.3001,Bangalore,12.9616,77.5945,13.0,77.5
2025-01-09 08:00:00,-5.155075,1.1101837,5.2732635,18.983747,102.15344,89.814095,Bangalore,12.9616,77.5945,13.0,77.5
2025-01-09 09:00:00,-5.033798,1.3898926,5.222157,18.799765,105.435455,87.22799,Bangalore,12.9616,77.5945,13.0,77.5
2025-01-09 10:00:00,-4.662079,1.9520721,5.054262,18.195343,112.719666,79.08231,Bangalore,12.9616,77.5945,13.0,77.5
2025-01-09 11:00:00,-4.2615204,1.8690186,4.653363,16.752108,113.681305,61.717308,Bangalore,12.9616,77.5945,13.0,77.5
2025-01-09 12:00:00,-4.3021545,1.3985596,4.523771,16.285574,108.008484,56.703243,Bangalore,12.9616,77.5945,13.0,77.5
2025-01-09 13:00:00,-5.2516937,1.309906,5.412591,19.485327,104.00525,97.12292,Bangalore,12.9616,77.5945,13.0,77.5
2025-01-09 14:00:00,-5.8777313,1.5819397,6.086892,21.912811,105.06369,138.13156,Bangalore,12.9616,77.5945,13.0,77.5
2025-01-09 15:00:00,-5.922333,1.8661499,6.2093916,22.35381,107.48984,146.64026,Bangalore,12.9616,77.5945,13.0,77.5
2025-01-09 16:00:00,-5.909897,1.9939117,6.237192,22.453892,108.643616,148.6187,Bangalore,12.9616,77.5945,13.0,77.5
2025-01-09 17:00:00,-5.958069,2.0329132,6.295341,22.663227,108.83981,152.81425,Bangalore,12.9616,77.5945,13.0,77.5
2025-01-09 18:00:00,-6.2355347,1.7507629,6.4766555,23.31596,105.68323,166.40198,Bangalore,12.9616,77.5945,13.0,77.5
2025-01-09 19:00:00,-6.6170044,1.3584595,6.75501,24.318035,101.6015,188.79224,Bangalore,12.9616,77.5945,13.0,77.5
2025-01-09 20:00:00,-6.7888794,0.8337097,6.8398795,24.623566,97.00116,195.99791,Bangalore,12.9616,77.5945,13.0,77.5
2025-01-09 21:00:00,-6.7448273,0.37384033,6.7551794,24.318645,93.172424,188.80641,Bangalore,12.9616,77.5945,13.0,77.5
2025-01-09 22:00:00,-6.1471863,0.4167328,6.161296,22.180664,93.878296,143.25912,Bangalore,12.9616,77.5945,13.0,77.5
2025-01-09 23:00:00,-5.6459656,0.45806885,5.664517,20.39226,94.63837,111.32552,Bangalore,12.9616,77.5945,13.0,77.5
2025-01-10 00:00:00,-5.0477448,0.1921997,5.0514026,18.18505,92.18054,78.948166,Bangalore,12.9616,77.5945,13.0,77.5
2025-01-10 01:00:00,-4.438507,-0.03541565,4.4386487,15.979135,89.54285,53.562202,Bangalore,12.9616,77.5945,13.0,77.5
2025-01-10 02:00:00,-4.0375214,-0.4242859,4.0597534,14.615112,84.00104,40.983128,Bangalore,12.9616,77.5945,13.0,77.5
2025-01-10 03:00:00,-3.6017914,-0.5263977,3.6400545,13.104196,81.68515,29.54131,Bangalore,12.9616,77.5945,13.0,77.5
2025-01-10 04:00:00,-3.4030151,-0.55311584,3.4476728,12.411622,80.768036,25.100607,Bangalore,12.9616,77.5945,13.0,77.5
2025-01-10 05:00:00,-3.3646088,-0.1483612,3.367878,12.12436,87.47519,23.397806,Bangalore,12.9616,77.5945,13.0,77.5
2025-01-10 06:00:00,-3.2700958,1.5474548,3.6177537,13.023913,115.32416,29.001677,Bangalore,12.9616,77.5945,13.0,77.5
2025-01-10 07:00:00,-2.7839203,2.6750336,3.8608313,13.898993,133.8573,35.249146,Bangalore,12.9616,77.5945,13.0,77.5
2025-01-10 08:00:00,-2.526184,3.0143585,3.932933,14.158559,140.03528,37.26111,Bangalore,12.9616,77.5945,13.0,77.5
2025-01-10 09:00:00,-2.6885223,3.1713104,4.157567,14.967241,139.7099,44.01735,Bangalore,12.9616,77.5945,13.0,77.5
2025-01-10 10:00:00,-3.1544342,3.4600677,4.6821494,16.855738,137.64557,62.869778,Bangalore,12.9616,77.5945,13.0,77.5
2025-01-10 11:00:00,-3.810196,3.1847382,4.965899,17.877235,129.89044,75.006645,Bangalore,12.9616,77.5945,13.0,77.5
2025-01-10 12:00:00,-4.375534,3.09169,5.357597,19.287348,125.24448,94.192474,Bangalore,12.9616,77.5945,13.0,77.5
2025-01-10 13:00:00,-5.235504,3.1424408,6.10618,21.982248,120.9729,139.44885,Bangalore,12.9616,77.5945,13.0,77.5
2025-01-10 14:00:00,-5.890167,2.968521,6.595922,23.74532,116.74713,175.76509,Bangalore,12.9616,77.5945,13.0,77.5
2025-01-10 15:00:00,-6.1717834,2.7807007,6.7692842,24.369423,114.25397,189.9916,Bangalore,12.9616,77.5945,13.0,77.5
2025-01-10 16:00:00,-6.057144,2.5042114,6.5543933,23.595816,112.46173,172.46605,Bangalore,12.9616,77.5945,13.0,77.5
2025-01-10 17:00:00,-6.003647,2.2054749,6.395928,23.02534,110.17108,160.25693,Bangalore,12.9616,77.5945,13.0,77.5
2025-01-10 18:00:00,-5.9158325,2.2669525,6.3353095,22.807114,110.96686,155.7434,Bangalore,12.9616,77.5945,13.0,77.5
2025-01-10 19:00:00,-5.705948,2.1594086,6.100892,21.963211,110.729065,139.08687,Bangalore,12.9616,77.5945,13.0,77.5
2025-01-10 20:00:00,-5.8678284,1.8973694,6.1669617,22.201061,107.91867,143.65471,Bangalore,12.9616,77.5945,13.0,77.5
2025-01-10 21:00:00,-6.0914154,1.5055695,6.274718,22.588984,103.88312,151.31735,Bangalore,12.9616,77.5945,13.0,77.5
2025-01-10 22:00:00,-6.20874,1.6972198,6.436537,23.171532,105.28882,163.32884,Bangalore,12.9616,77.5945,13.0,77.5
2025-01-10 23:00:00,-5.660553,1.5419464,5.86681,21.120516,105.23776,123.68361,Bangalore,12.9616,77.5945,13.0,77.5
2025-01-11 00:00:00,-5.2376404,1.4710846,5.4403095,19.585114,105.688354,98.62271,Bangalore,12.9616,77.5945,13.0,77.5
2025-01-11 01:00:00,-3.8906097,0.6818085,3.9498997,14.219639,99.93985,37.745422,Bangalore,12.9616,77.5945,13.0,77.5
2025-01-11 02:00:00,-3.613739,0.07536316,3.6145246,13.012288,91.1947,28.924088,Bangalore,12.9616,77.5945,13.0,77.5
2025-01-11 03:00:00,-3.482666,0.17033386,3.486829,12.552585,92.80005,25.965584,Bangalore,12.9616,77.5945,13.0,77.5
2025-01-11 04:00:00,-3.0537567,0.3824768,3.0776157,11.079416,97.13901,17.854565,Bangalore,12.9616,77.5945,13.0,77.5
2025-01-11 05:00:00,-2.698639,0.55448914,2.7550154,9.918056,101.61096,12.807908,Bangalore,12.9616,77.5945,13.0,77.5
2025-01-11 06:00:00,-2.4858246,0.4274292,2.5223043,9.080296,99.75641,9.828755,Bangalore,12.9616,77.5945,13.0,77.5
2025-01-11 07:00:00,-2.0632324,0.28300476,2.0825512,7.4971843,97.81027,5.5321403,Bangalore,12.9616,77.5945,13.0,77.5
2025-01-11 08:00:00,-2.1438751,0.45155334,2.1909132,7.887287,101.89404,6.4414196,Bangalore,12.9616,77.5945,13.0,77.5
2025-01-11 09:00:00,-2.0529785,0.4728546,2.1067302,7.5842285,102.97052,5.727075,Bangalore,12.9616,77.5945,13.0,77.5
2025-01-11 10:00:00,-1.8147736,0.9881439,2.0663571,7.4388857,118.5683,5.4040856,Bangalore,12.9616,77.5945,13.0,77.5
2025-01-11 11:00:00,-2.284027,0.9261627,2.4646616,8.872782,112.07233,9.170182,Bangalore,12.9616,77.5945,13.0,77.5
2025-01-11 12:00:00,-3.0920105,1.268158,3.3419685,12.031086,112.30051,22.861944,Bangalore,12.9616,77.5945,13.0,77.5
2025-01-11 13:00:00,-4.5571136,2.1106415,5.02216,18.079775,114.85135,77.585,Bangalore,12.9616,77.5945,13.0,77.5
2025-01-11 14:00:00,-4.941742,2.4337616,5.5085397,19.830742,116.21979,102.380104,Bangalore,12.9616,77.5945,13.0,77.5
2025-01-11 15:00:00,-5.2624664,2.4769135,5.8162403,20.938465,115.2052,120.51279,Bangalore,12.9616,77.5945,13.0,77.5
2025-01-11 16:00:00,-4.995697,1.7205963,5.2836957,19.021303,109.00452,90.3482,Bangalore,12.9616,77.5945,13.0,77.5
2025-01-11 17:00:00,-5.5579224,0.90534973,5.6311774,20.272238,99.25186,109.37139,Bangalore,12.9616,77.5945,13.0,77.5
2025-01-11 18:00:00,-6.4281616,0.7860718,6.476046,23.313765,96.97183,166.35501,Bangalore,12.9616,77.5945,13.0,77.5
2025-01-11 19:00:00,-6.6134186,0.78326416,6.6596403,23.974705,96.754395,180.90828,Bangalore,12.9616,77.5945,13.0,77.5
2025-01-11 20:00:00,-6.261505,0.6409607,6.2942257,22.659212,95.84473,152.73305,Bangalore,12.9616,77.5945,13.0,77.5
2025-01-11 21:00:00,-5.5838776,0.20375061,5.5875936,20.115335,92.08975,106.85148,Bangalore,12.9616,77.5945,13.0,77.5
2025-01-11 22:00:00,-4.198654,0.07118225,4.1992574,15.117326,90.97125,45.35483,Bangalore,12.9616,77.5945,13.0,77.5
2025-01-11 23:00:00,-3.8004456,-0.13032532,3.8026795,13.689646,88.03598,33.68025,Bangalore,12.9616,77.5945,13.0,77.5
2025-01-12 00:00:00,-3.62648,-0.04031372,3.6267042,13.056135,89.3631,29.217464,Bangalore,12.9616,77.5945,13.0,77.5
2025-01-12 01:00:00,-3.260315,0.08280945,3.2613666,11.740919,91.454956,21.247358,Bangalore,12.9616,77.5945,13.0,77.5
2025-01-12 02:00:00,-3.1247253,-0.07192993,3.1255531,11.251991,88.681305,18.701944,Bangalore,12.9616,77.5945,13.0,77.5
2025-01-12 03:00:00,-2.8914642,-1.0378876,3.0720963,11.059546,70.254456,17.758677,Bangalore,12.9616,77.5945,13.0,77.5
2025-01-12 04:00:00,-2.1081085,-1.7330017,2.7289956,9.824384,50.577576,12.44843,Bangalore,12.9616,77.5945,13.0,77.5
2025-01-12 05:00:00,-1.6544037,-1.7252655,2.3903122,8.6051235,43.79886,8.365078,Bangalore,12.9616,77.5945,13.0,77.5
2025-01-12 06:00:00,-1.681961,-1.7359467,2.4171271,8.701657,44.095093,8.649771,Bangalore,12.9616,77.5945,13.0,77.5
2025-01-12 07:00:00,-1.9935455,-1.6891174,2.6129181,9.406505,49.725616,10.926561,Bangalore,12.9616,77.5945,13.0,77.5
2025-01-12 08:00:00,-2.4473572,-1.3746948,2.8070168,10.105261,60.67682,13.546939,Bangalore,12.9616,77.5945,13.0,77.5
2025-01-12 09:00:00,-2.8891296,-0.8332977,3.0069013,10.824844,73.9111,16.651894,Bangalore,12.9616,77.5945,13.0,77.5
2025-01-12 10:00:00,-2.4598541,-0.5475769,2.520064,9.07223,77.45026,9.80259,Bangalore,12.9616,77.5945,13.0,77.5
2025-01-12 11:00:00,-2.9133759,-0.7334442,3.00428,10.815408,75.869385,16.608383,Bangalore,12.9616,77.5945,13.0,77.5
2025-01-12 12:00:00,-4.040924,-0.34284973,4.0554423,14.599592,85.15039,40.852703,Bangalore,12.9616,77.5945,13.0,77.5
2025-01-12 13:00:00,-5.520447,0.5731659,5.550122,19.980438,95.92755,104.71615,Bangalore,12.9616,77.5945,13.0,77.5
2025-01-12 14:00:00,-6.326004,1.6633606,6.541032,23.547714,104.73187,171.41344,Bangalore,12.9616,77.5945,13.0,77.5
2025-01-12 15:00:00,-6.3409576,2.2828217,6.739363,24.261707,109.7995,187.48334,Bangalore,12.9616,77.5945,13.0,77.5
2025-01-12 16:00:00,-6.3134155,2.2493286,6.702141,24.127707,109.60983,184.39398,Bangalore,12.9616,77.5945,13.0,77.5
2025-01-12 17:00:00,-6.1297607,1.743393,6.3728633,22.942307,105.876526,158.52942,Bangalore,12.9616,77.5945,13.0,77.5
2025-01-12 18:00:00,-5.731949,1.2461853,5.8658514,21.117065,102.26581,123.623,Bangalore,12.9616,77.5945,13.0,77.5
2025-01-12 19:00:00,-5.4334717,0.7826233,5.489546,19.762365,98.19635,101.32471,Bangalore,12.9616,77.5945,13.0,77.5
2025-01-12 20:00:00,-5.00589,0.54971313,5.035982,18.129536,96.26672,78.227356,Bangalore,12.9616,77.5945,13.0,77.5
2025-01-12 21:00:00,-5.54451,0.28503418,5.5518317,19.986593,92.94287,104.812965,Bangalore,12.9616,77.5945,13.0,77.5
2025-01-12 22:00:00,-5.0458527,0.5178528,5.072356,18.260483,95.85971,79.9347,Bangalore,12.9616,77.5945,13.0,77.5
2025-01-12 23:00:00,-4.684845,-0.036865234,4.6849904,16.865965,89.54913,62.984287,Bangalore,12.9616,77.5945,13.0,77.5
2025-01-13 00:00:00,-4.410736,-0.5619507,4.4463897,16.007002,82.73932,53.84293,Bangalore,12.9616,77.5945,13.0,77.5
2025-01-13 01:00:00,-4.331314,-1.1576996,4.483364,16.14011,75.03546,55.19734,Bangalore,12.9616,77.5945,13.0,77.5
2025-01-13 02:00:00,-4.489334,-1.7533264,4.819572,17.350458,68.66669,68.56959,Bangalore,12.9616,77.5945,13.0,77.5
2025-01-13 03:00:00,-5.2182007,-1.8789978,5.546192,19.966291,70.19678,104.49388,Bangalore,12.9616,77.5945,13.0,77.5
2025-01-13 04:00:00,-5.0262756,-1.6618195,5.293873,19.057941,71.70474,90.87128,Bangalore,12.9616,77.5945,13.0,77.5
2025-01-13 05:00:00,-4.6876984,-1.7423553,5.001032,18.003714,69.610565,76.60992,Bangalore,12.9616,77.5945,13.0,77.5
2025-01-13 06:00:00,-4.404236,-1.9197235,4.8044386,17.295979,66.44852,67.92569,Bangalore,12.9616,77.5945,13.0,77.5
2025-01-13 07:00:00,-4.6180573,-1.9936829,5.030032,18.108116,66.649414,77.95041,Bangalore,12.9616,77.5945,13.0,77.5
2025-01-13 08:00:00,-4.624237,-2.1016998,5.07944,18.285984,65.55835,80.27007,Bangalore,12.9616,77.5945,13.0,77.5
2025-01-13 09:00:00,-4.535568,-2.20607,5.043622,18.15704,64.06201,78.58392,Bangalore,12.9616,77.5945,13.0,77.5
2025-01-13 10:00:00,-3.9682465,-1.2618561,4.164044,14.990558,72.359924,44.22339,Bangalore,12.9616,77.5945,13.0,77.5
2025-01-13 11:00:00,-4.760025,-0.51812744,4.788141,17.237307,83.78784,67.23677,Bangalore,12.9616,77.5945,13.0,77.5
2025-01-13 12:00:00,-5.6661377,-0.027526855,5.666205,20.398336,89.72165,111.42508,Bangalore,12.9616,77.5945,13.0,77.5
2025-01-13 13:00:00,-6.3015594,0.008666992,6.3015656,22.685637,90.0788,153.268,Bangalore,12.9616,77.5945,13.0,77.5
2025-01-13 14:00:00,-6.4664917,-0.13331604,6.4678655,23.284315,88.81894,165.72539,Bangalore,12.9616,77.5945,13.0,77.5
2025-01-13 15:00:00,-6.630722,0.009246826,6.6307287,23.870623,90.079895,178.56235,Bangalore,12.9616,77.5945,13.0,77.5
2025-01-13 16:00:00,-6.1888733,-0.08912659,6.1895146,22.282251,89.17493,145.23653,Bangalore,12.9616,77.5945,13.0,77.5
2025-01-13 17:00:00,-5.962616,-0.13684082,5.964186,21.47107,88.6853,129.94504,Bangalore,12.9616,77.5945,13.0,77.5
2025-01-13 18:00:00,-5.748291,-0.15975952,5.7505107,20.701838,88.40802,116.47302,Bangalore,12.9616,77.5945,13.0,77.5
2025-01-13 19:00:00,-5.2458496,-0.10221863,5.2468452,18.888643,88.8837,88.47099,Bangalore,12.9616,77.5945,13.0,77.5
2025-01-13 20:00:00,-5.3292847,0.2945099,5.337416,19.214697,93.163086,93.13208,Bangalore,12.9616,77.5945,13.0,77.5
2025-01-13 21:00:00,-5.2970734,0.16445923,5.299626,19.078653,91.77829,91.167854,Bangalore,12.9616,77.5945,13.0,77.5
2025-01-13 22:00:00,-5.787323,0.4889679,5.8079424,20.908592,94.82941,119.99772,Bangalore,12.9616,77.5945,13.0,77.5
2025-01-13 23:00:00,-5.6945343,0.5337219,5.719491,20.590168,95.35443,114.59832,Bangalore,12.9616,77.5945,13.0,77.5
2025-01-14 00:00:00,-5.628067,0.57359314,5.657221,20.365995,95.819275,110.895905,Bangalore,12.9616,77.5945,13.0,77.5
2025-01-14 01:00:00,-5.540695,0.24842834,5.546262,19.966541,92.56726,104.49782,Bangalore,12.9616,77.5945,13.0,77.5
2025-01-14 02:00:00,-5.930893,0.019073486,5.9309235,21.351324,90.184265,127.78299,Bangalore,12.9616,77.5945,13.0,77.5
2025-01-14 03:00:00,-6.2293396,0.1807251,6.231961,22.435059,91.661804,148.24506,Bangalore,12.9616,77.5945,13.0,77.5
2025-01-14 04:00:00,-6.1969757,0.31718445,6.2050877,22.338314,92.93005,146.33556,Bangalore,12.9616,77.5945,13.0,77.5
2025-01-14 05:00:00,-5.9664154,0.24746704,5.9715457,21.497564,92.37506,130.42667,Bangalore,12.9616,77.5945,13.0,77.5
2025-01-14 06:00:00,-6.196167,-0.12867737,6.197503,22.31101,88.8103,145.7996,Bangalore,12.9616,77.5945,13.0,77.5
2025-01-14 07:00:00,-6.2097626,-0.44052124,6.225368,22.411324,85.94223,147.77507,Bangalore,12.9616,77.5945,13.0,77.5
2025-01-14 08:00:00,-6.1993713,-0.48545837,6.21835,22.386059,85.52243,147.27586,Bangalore,12.9616,77.5945,13.0,77.5
2025-01-14 09:00:00,-6.264847,-0.4372406,6.2800865,22.60831,86.00763,151.70609,Bangalore,12.9616,77.5945,13.0,77.5
2025-01-14 10:00:00,-6.2059784,0.04750061,6.20616,22.342176,90.43854,146.41144,Bangalore,12.9616,77.5945,13.0,77.5
2025-01-14 11:00:00,-6.014023,-0.447464,6.030647,21.710327,85.74481,134.33766,Bangalore,12.9616,77.5945,13.0,77.5
2025-01-14 12:00:00,-6.013794,-0.49832153,6.0344048,21.723856,85.26312,134.58896,Bangalore,12.9616,77.5945,13.0,77.5
2025-01-14 13:00:00,-6.0464478,-0.1960144,6.0496244,21.778646,88.14322,135.60988,Bangalore,12.9616,77.5945,13.0,77.5
2025-01-14 14:00:00,-6.4204254,-0.049987793,6.42062,23.114231,89.553894,162.12015,Bangalore,12.9616,77.5945,13.0,77.5
2025-01-14 15:00:00,-6.6223145,0.1464386,6.6239333,23.846159,91.266754,178.01392,Bangalore,12.9616,77.5945,13.0,77.5
2025-01-14 16:00:00,-6.721939,0.27864075,6.7277117,24.21976,92.37369,186.5126,Bangalore,12.9616,77.5945,13.0,77.5
2025-01-14 17:00:00,-6.50206,-0.16583252,6.504174,23.415026,88.539,168.53209,Bangalore,12.9616,77.5945,13.0,77.5
2025-01-14 18:00:00,-6.156601,-0.6911621,6.195276,22.302992,83.594574,145.64247,Bangalore,12.9616,77.5945,13.0,77.5
2025-01-14 19:00:00,-5.770996,-0.6186981,5.804066,20.894638,83.8808,119.75762,Bangalore,12.9616,77.5945,13.0,77.5
2025-01-14 20:00:00,-5.6365356,-0.3026123,5.644653,20.32075,86.92688,110.15845,Bangalore,12.9616,77.5945,13.0,77.5
2025-01-14 21:00:00,-5.5010223,-0.36764526,5.5132937,19.847857,86.17648,102.6454,Bangalore,12.9616,77.5945,13.0,77.5
2025-01-14 22:00:00,-4.9618073,0.3355255,4.973139,17.9033,93.86853,75.33518,Bangalore,12.9616,77.5945,13.0,77.5
2025-01-14 23:00:00,-4.8762665,-0.30038452,4.88551,17.587835,86.474945,71.42263,Bangalore,12.9616,77.5945,13.0,77.5
2025-01-15 00:00:00,-5.2623444,-0.9905548,5.354761,19.27714,79.33969,94.042984,Bangalore,12.9616,77.5945,13.0,77.5
2025-01-15 01:00:00,-5.6747437,-1.2248535,5.805427,20.899536,77.81995,119.84189,Bangalore,12.9616,77.5945,13.0,77.5
2025-01-15 02:00:00,-6.4404907,-1.0826569,6.5308547,23.511076,80.4577,170.61458,Bangalore,12.9616,77.5945,13.0,77.5
2025-01-15 03:00:00,-6.3379974,-0.5667267,6.3632846,22.907824,84.89035,157.81567,Bangalore,12.9616,77.5945,13.0,77.5
2025-01-15 04:00:00,-5.8054504,-0.17427063,5.8080654,20.909035,88.28058,120.00535,Bangalore,12.9616,77.5945,13.0,77.5
2025-01-15 05:00:00,-5.2079163,0.57192993,5.239227,18.861216,96.26706,88.08617,Bangalore,12.9616,77.5945,13.0,77.5
2025-01-15 06:00:00,-5.221985,0.7475128,5.2752156,18.990776,98.14639,89.91388,Bangalore,12.9616,77.5945,13.0,77.5
2025-01-15 07:00:00,-5.2184753,0.9446869,5.303293,19.091856,100.26099,91.357254,Bangalore,12.9616,77.5945,13.0,77.5
2025-01-15 08:00:00,-4.5392303,0.58462524,4.5767236,16.476204,97.33893,58.71785,Bangalore,12.9616,77.5945,13.0,77.5
2025-01-15 09:00:00,-4.4984283,0.32667542,4.5102744,16.236988,94.1535,56.19724,Bangalore,12.9616,77.5945,13.0,77.5
2025-01-15 10:00:00,-4.448059,0.7580719,4.5121946,16.2439,99.671844,56.26905,Bangalore,12.9616,77.5945,13.0,77.5
2025-01-15 11:00:00,-4.4554443,0.13960266,4.457631,16.047472,91.79465,54.252342,Bangalore,12.9616,77.5945,13.0,77.5
2025-01-15 12:00:00,-4.4813995,0.11767578,4.482944,16.138597,91.50415,55.181824,Bangalore,12.9616,77.5945,13.0,77.5
2025-01-15 13:00:00,-4.9452515,0.012863159,4.945268,17.802965,90.14902,74.075676,Bangalore,12.9616,77.5945,13.0,77.5
2025-01-15 14:00:00,-5.728821,0.1091156,5.72986,20.627495,91.091156,115.22272,Bangalore,12.9616,77.5945,13.0,77.5
2025-01-15 15:00:00,-6.557556,0.56539917,6.5818853,23.694786,94.92792,174.64534,Bangalore,12.9616,77.5945,13.0,77.5
2025-01-15 16:00:00,-7.2481537,0.67448425,7.2794685,26.206085,95.31641,236.26813,Bangalore,12.9616,77.5945,13.0,77.5
2025-01-15 17:00:00,-7.4004974,0.48277283,7.4162273,26.698418,93.73242,249.83612,Bangalore,12.9616,77.5945,13.0,77.5
2025-01-15 18:00:00,-7.1100006,0.07841492,7.110433,25.597559,90.63187,220.18831,Bangalore,12.9616,77.5945,13.0,77.5
2025-01-15 19:00:00,-6.771164,-0.11340332,6.7721133,24.379608,89.0405,190.22989,Bangalore,12.9616,77.5945,13.0,77.5
2025-01-15 20:00:00,-6.4454956,-0.26828003,6.4510765,23.223875,87.61655,164.43817,Bangalore,12.9616,77.5945,13.0,77.5
2025-01-15 21:00:00,-6.070877,-0.39582825,6.083768,21.901564,86.26953,137.91898,Bangalore,12.9616,77.5945,13.0,77.5
2025-01-15 22:00:00,-6.5425873,0.21073914,6.5459805,23.565529,91.84488,171.8028,Bangalore,12.9616,77.5945,13.0,77.5
2025-01-15 23:00:00,-6.258957,-0.01675415,6.2589793,22.532326,89.84662,150.18156,Bangalore,12.9616,77.5945,13.0,77.5
2025-01-16 00:00:00,-6.151657,-0.30545044,6.1592355,22.173246,87.15741,143.11546,Bangalore,12.9616,77.5945,13.0,77.5
2025-01-16 01:00:00,-6.3321075,-0.38163757,6.343598,22.836952,86.550934,156.35545,Bangalore,12.9616,77.5945,13.0,77.5
2025-01-16 02:00:00,-6.3345184,-0.24719238,6.3393397,22.821623,87.76526,156.0408,Bangalore,12.9616,77.5945,13.0,77.5
2025-01-16 03:00:00,-5.918869,-0.10902405,5.9198728,21.31154,88.94473,127.07005,Bangalore,12.9616,77.5945,13.0,77.5
2025-01-16 04:00:00,-5.574341,-0.029251099,5.5744176,20.067904,89.69934,106.09737,Bangalore,12.9616,77.5945,13.0,77.5
2025-01-16 05:00:00,-5.3648224,-0.08190918,5.3654475,19.31561,89.125275,94.60715,Bangalore,12.9616,77.5945,13.0,77.5
2025-01-16 06:00:00,-5.416687,0.06088257,5.417029,19.501303,90.64395,97.362015,Bangalore,12.9616,77.5945,13.0,77.5
2025-01-16 07:00:00,-5.310898,0.11997986,5.312253,19.124111,91.29416,91.821075,Bangalore,12.9616,77.5945,13.0,77.5
2025-01-16 08:00:00,-5.118698,0.21932983,5.123395,18.444221,92.45355,82.372,Bangalore,12.9616,77.5945,13.0,77.5
2025-01-16 09:00:00,-4.9862213,0.020828247,4.9862647,17.950552,90.23932,75.933266,Bangalore,12.9616,77.5945,13.0,77.5
2025-01-16 10:00:00,-4.52417,0.7431946,4.5848064,16.505302,99.328766,59.029503,Bangalore,12.9616,77.5945,13.0,77.5
2025-01-16 11:00:00,-4.4016266,0.3819275,4.418165,15.905395,94.95911,52.824085,Bangalore,12.9616,77.5945,13.0,77.5
2025-01-16 12:00:00,-4.186035,0.30322266,4.197003,15.10921,94.14307,45.281822,Bangalore,12.9616,77.5945,13.0,77.5
2025-01-16 13:00:00,-4.423401,0.71565247,4.480919,16.131308,99.190125,55.107075,Bangalore,12.9616,77.5945,13.0,77.5
2025-01-16 14:00:00,-4.958145,1.0503235,5.0681734,18.245424,101.9606,79.73711,Bangalore,12.9616,77.5945,13.0,77.5
2025-01-16 15:00:00,-5.4149323,1.2967682,5.5680428,20.044954,103.46756,105.73379,Bangalore,12.9616,77.5945,13.0,77.5
2025-01-16 16:00:00,-6.0666504,1.5251007,6.255412,22.519484,104.111206,149.92494,Bangalore,12.9616,77.5945,13.0,77.5
2025-01-16 17:00:00,-6.5822144,1.735321,6.80712,24.50563,104.76929,193.19518,Bangalore,12.9616,77.5945,13.0,77.5
2025-01-16 18:00:00,-6.808502,1.8040466,7.043457,25.356445,104.84061,214.0246,Bangalore,12.9616,77.5945,13.0,77.5
2025-01-16 19:00:00,-6.756027,1.5791779,6.938134,24.977282,103.15631,204.56635,Bangalore,12.9616,77.5945,13.0,77.5
2025-01-16 20:00:00,-6.642624,1.0383148,6.7232842,24.203823,98.88406,186.14464,Bangalore,12.9616,77.5945,13.0,77.5
2025-01-16 21:00:00,-6.020523,0.3887024,6.0330577,21.719007,93.69406,134.49884,Bangalore,12.9616,77.5945,13.0,77.5
2025-01-16 22:00:00,-6.289337,0.60176086,6.31806,22.745014,95.46539,154.47469,Bangalore,12.9616,77.5945,13.0,77.5
2025-01-16 23:00:00,-5.712433,-0.08427429,5.7130547,20.566996,89.154785,114.21187,Bangalore,12.9616,77.5945,13.0,77.5
2025-01-17 00:00:00,-5.2223663,-0.8109436,5.284954,19.025835,81.17343,90.412766,Bangalore,12.9616,77.5945,13.0,77.5
2025-01-17 01:00:00,-4.985901,-1.337143,5.1620884,18.583517,74.9874,84.252426,Bangalore,12.9616,77.5945,13.0,77.5
2025-01-17 02:00:00,-4.9522552,-1.2877808,5.1169534,18.421032,75.423676,82.06169,Bangalore,12.9616,77.5945,13.0,77.5
2025-01-17 03:00:00,-5.194397,-1.3494568,5.366823,19.320562,75.43701,94.67993,Bangalore,12.9616,77.5945,13.0,77.5
2025-01-17 04:00:00,-5.061615,-1.4191284,5.256793,18.924454,74.33807,88.97515,Bangalore,12.9616,77.5945,13.0,77.5
2025-01-17 05:00:00,-4.929001,-1.5120087,5.155698,18.560513,72.9462,83.9399,Bangalore,12.9616,77.5945,13.0,77.5
2025-01-17 06:00:00,-4.9152985,-1.6331787,5.17952,18.646273,71.62018,85.10884,Bangalore,12.9616,77.5945,13.0,77.5
2025-01-17 07:00:00,-4.8597565,-1.7699432,5.172034,18.619322,69.98816,84.74033,Bangalore,12.9616,77.5945,13.0,77.5
2025-01-17 08:00:00,-4.906769,-1.5420074,5.1433616,18.516102,72.55408,83.338806,Bangalore,12.9616,77.5945,13.0,77.5
2025-01-17 09:00:00,-5.082733,-1.0575104,5.1915803,18.689688,78.246765,85.70474,Bangalore,12.9616,77.5945,13.0,77.5
2025-01-17 10:00:00,-5.064499,0.0,5.064499,18.232195,90.0,79.563805,Bangalore,12.9616,77.5945,13.0,77.5
2025-01-17 11:00:00,-5.3741455,0.5556488,5.4027944,19.45006,95.903015,96.596504,Bangalore,12.9616,77.5945,13.0,77.5
2025-01-17 12:00:00,-5.4434204,0.9370117,5.5234785,19.884521,99.76697,103.21531,Bangalore,12.9616,77.5945,13.0,77.5
2025-01-17 13:00:00,-5.5789795,1.0213776,5.671704,20.418133,100.37457,111.749794,Bangalore,12.9616,77.5945,13.0,77.5
2025-01-17 14:00:00,-5.9774475,0.8725128,6.040791,21.746847,98.30466,135.01672,Bangalore,12.9616,77.5945,13.0,77.5
2025-01-17 15:00:00,-6.551697,0.9665222,6.6226053,23.84138,98.39188,177.90688,Bangalore,12.9616,77.5945,13.0,77.5
2025-01-17 16:00:00,-6.7963104,0.9440918,6.86157,24.70165,97.90848,197.86845,Bangalore,12.9616,77.5945,13.0,77.5
2025-01-17 17:00:00,-6.7653656,0.56985474,6.789323,24.44156,94.81473,191.68382,Bangalore,12.9616,77.5945,13.0,77.5
2025-01-17 18:00:00,-6.671173,0.13595581,6.6725583,24.02121,91.16748,181.96306,Bangalore,12.9616,77.5945,13.0,77.5
2025-01-17 19:00:00,-6.424057,-0.042617798,6.424198,23.127113,89.6199,162.39134,Bangalore,12.9616,77.5945,13.0,77.5
2025-01-17 20:00:00,-5.8887634,-0.2189331,5.892832,21.214193,87.87082,125.33669,Bangalore,12.9616,77.5945,13.0,77.5
2025-01-17 21:00:00,-4.930847,-0.63127136,4.971092,17.895931,82.70441,75.24222,Bangalore,12.9616,77.5945,13.0,77.5
2025-01-17 22:00:00,-5.0427856,-0.20379639,5.046902,18.168848,87.68573,78.73734,Bangalore,12.9616,77.5945,13.0,77.5
2025-01-17 23:00:00,-4.925995,-0.54844666,4.9564323,17.843157,83.647,74.57851,Bangalore,12.9616,77.5945,13.0,77.5
2025-01-18 00:00:00,-4.6844482,-1.0184326,4.7938776,17.25796,77.734344,67.47873,Bangalore,12.9616,77.5945,13.0,77.5
2025-01-18 01:00:00,-4.417755,-1.5578918,4.684398,16.863832,70.575134,62.960403,Bangalore,12.9616,77.5945,13.0,77.5
2025-01-18 02:00:00,-4.544235,-2.1978607,5.0478377,18.172215,64.18884,78.78114,Bangalore,12.9616,77.5945,13.0,77.5
2025-01-18 03:00:00,-4.327423,-2.3647766,4.9314055,17.75306,61.34503,73.454475,Bangalore,12.9616,77.5945,13.0,77.5
2025-01-18 04:00:00,-4.241989,-2.0463257,4.709769,16.955168,64.24744,63.988934,Bangalore,12.9616,77.5945,13.0,77.5
2025-01-18 05:00:00,-4.09227,-1.6153564,4.3995514,15.838385,68.45917,52.15924,Bangalore,12.9616,77.5945,13.0,77.5
2025-01-18 06:00:00,-3.9754028,-1.1661072,4.1429014,14.914445,73.65198,43.553185,Bangalore,12.9616,77.5945,13.0,77.5
2025-01-18 07:00:00,-4.329651,-0.70092773,4.3860207,15.789674,80.80417,51.679478,Bangalore,12.9616,77.5945,13.0,77.5
2025-01-18 08:00:00,-4.638611,-0.546051,4.6706405,16.814304,83.2861,62.407303,Bangalore,12.9616,77.5945,13.0,77.5
2025-01-18 09:00:00,-4.7308807,-0.69944763,4.782307,17.216305,81.589905,66.99132,Bangalore,12.9616,77.5945,13.0,77.5
2025-01-18 10:00:00,-5.2501984,0.23477173,5.255445,18.919601,92.56036,88.906715,Bangalore,12.9616,77.5945,13.0,77.5
2025-01-18 11:00:00,-5.057358,0.23512268,5.0628204,18.226152,92.661835,79.484726,Bangalore,12.9616,77.5945,13.0,77.5
2025-01-18 12:00:00,-4.705765,0.20375061,4.7101736,16.956625,92.47925,64.00543,Bangalore,12.9616,77.5945,13.0,77.5
2025-01-18 13:00:00,-5.1549225,0.32624817,5.165236,18.594849,93.62134,84.40665,Bangalore,12.9616,77.5945,13.0,77.5
2025-01-18 14:00:00,-5.5704346,0.3494568,5.581385,20.092985,93.58969,106.495705,Bangalore,12.9616,77.5945,13.0,77.5
2025-01-18 15:00:00,-5.7790985,-0.013076782,5.7791133,20.804808,89.87036,118.21966,Bangalore,12.9616,77.5945,13.0,77.5
2025-01-18 16:00:00,-5.7985992,-0.6105957,5.8306584,20.99037,83.98886,121.41124,Bangalore,12.9616,77.5945,13.0,77.5
2025-01-18 17:00:00,-5.419571,-1.3412018,5.583061,20.09902,76.10007,106.591675,Bangalore,12.9616,77.5945,13.0,77.5
2025-01-18 18:00:00,-4.792755,-2.0650635,5.218715,18.787374,66.690155,87.05564,Bangalore,12.9616,77.5945,13.0,77.5
2025-01-18 19:00:00,-4.571823,-2.3939667,5.1606827,18.578457,62.361877,84.18361,Bangalore,12.9616,77.5945,13.0,77.5
2025-01-18 20:00:00,-4.3442383,-2.54747,5.036071,18.129854,59.61255,78.23149,Bangalore,12.9616,77.5945,13.0,77.5
2025-01-18 21:00:00,-4.381363,-2.8132782,5.2068105,18.744516,57.29544,86.461235,Bangalore,12.9616,77.5945,13.0,77.5
2025-01-18 22:00:00,-4.0699005,-2.3661957,4.7077565,16.947924,59.82675,63.906948,Bangalore,12.9616,77.5945,13.0,77.5
2025-01-18 23:00:00,-4.1252594,-2.6036835,4.87821,17.561556,57.74167,71.10294,Bangalore,12.9616,77.5945,13.0,77.5
2025-01-19 00:00:00,-4.214493,-2.8166962,5.069095,18.248741,56.243774,79.780624,Bangalore,12.9616,77.5945,13.0,77.5
2025-01-19 01:00:00,-4.5896606,-2.8752441,5.415904,19.497253,57.93445,97.30138,Bangalore,12.9616,77.5945,13.0,77.5
2025-01-19 02:00:00,-5.033722,-2.8512573,5.785156,20.826561,60.471436,118.59087,Bangalore,12.9616,77.5945,13.0,77.5
2025-01-19 03:00:00,-5.098282,-2.5519257,5.701298,20.524673,63.409912,113.50823,Bangalore,12.9616,77.5945,13.0,77.5
2025-01-19 04:00:00,-5.1105347,-2.5558624,5.714018,20.570463,63.429596,114.269646,Bangalore,12.9616,77.5945,13.0,77.5
2025-01-19 05:00:00,-4.741989,-2.831421,5.522989,19.88276,59.158752,103.18786,Bangalore,12.9616,77.5945,13.0,77.5
2025-01-19 06:00:00,-4.242279,-2.964859,5.175647,18.632328,55.050934,84.918045,Bangalore,12.9616,77.5945,13.0,77.5
2025-01-19 07:00:00,-4.157089,-2.7784119,5.0000963,18.000347,56.24301,76.566925,Bangalore,12.9616,77.5945,13.0,77.5
2025-01-19 08:00:00,-4.2811127,-2.982727,5.2177186,18.783787,55.1344,87.00577,Bangalore,12.9616,77.5945,13.0,77.5
2025-01-19 09:00:00,-4.2481384,-2.1834106,4.7763963,17.195026,62.79825,66.74322,Bangalore,12.9616,77.5945,13.0,77.5
2025-01-19 10:00:00,-4.585251,-2.2753448,5.1187615,18.427542,63.60794,82.14872,Bangalore,12.9616,77.5945,13.0,77.5
2025-01-19 11:00:00,-4.252304,-2.0324402,4.7130566,16.967003,64.45398,64.12303,Bangalore,12.9616,77.5945,13.0,77.5
2025-01-19 12:00:00,-4.348999,-1.8432922,4.723507,17.004625,67.03067,64.55052,Bangalore,12.9616,77.5945,13.0,77.5
2025-01-19 13:00:00,-4.1280975,-1.7021179,4.465243,16.074873,67.59241,54.530735,Bangalore,12.9616,77.5945,13.0,77.5
2025-01-19 14:00:00,-4.209503,-1.4799652,4.462086,16.063509,70.629486,54.41517,Bangalore,12.9616,77.5945,13.0,77.5
2025-01-19 15:00:00,-4.1633606,-1.172699,4.3253665,15.571319,74.26898,49.56497,Bangalore,12.9616,77.5945,13.0,77.5
2025-01-19 16:00:00,-4.1972656,-0.9272003,4.2984576,15.474447,77.54309,48.645657,Bangalore,12.9616,77.5945,13.0,77.5
2025-01-19 17:00:00,-4.3374634,-0.43911743,4.3596344,15.694683,84.21918,50.75237,Bangalore,12.9616,77.5945,13.0,77.5
2025-01-19 18:00:00,-4.5236664,-0.26112366,4.5311966,16.312307,86.69632,56.982937,Bangalore,12.9616,77.5945,13.0,77.5
2025-01-19 19:00:00,-4.550003,-0.84814453,4.6283774,16.662159,79.44095,60.72848,Bangalore,12.9616,77.5945,13.0,77.5
2025-01-19 20:00:00,-4.7108917,-1.1509094,4.8494425,17.457993,76.27109,69.85243,Bangalore,12.9616,77.5945,13.0,77.5
2025-01-19 21:00:00,-4.764435,-0.82792664,4.835835,17.409006,80.14203,69.26606,Bangalore,12.9616,77.5945,13.0,77.5
2025-01-19 22:00:00,-5.0119476,0.36517334,5.0252333,18.09084,94.16724,77.727516,Bangalore,12.9616,77.5945,13.0,77.5
2025-01-19 23:00:00,-4.7115326,0.018875122,4.7115703,16.961653,90.22952,64.062386,Bangalore,12.9616,77.5945,13.0,77.5
2025-01-20 00:00:00,-4.3064117,-0.33370972,4.319322,15.54956,85.56891,49.357468,Bangalore,12.9616,77.5945,13.0,77.5
2025-01-20 01:00:00,-3.990509,-0.74183655,4.058877,14.611957,79.4689,40.95659,Bangalore,12.9616,77.5945,13.0,77.5
2025-01-20 02:00:00,-3.873703,-1.3510132,4.102537,14.769134,70.77301,42.29253,Bangalore,12.9616,77.5945,13.0,77.5
2025-01-20 03:00:00,-2.7568817,-1.5610657,3.1681736,11.405424,60.479584,19.477491,Bangalore,12.9616,77.5945,13.0,77.5
2025-01-20 04:00:00,-2.425003,-1.5794983,2.8940377,10.418535,56.92224,14.846314,Bangalore,12.9616,77.5945,13.0,77.5
2025-01-20 05:00:00,-2.9243622,-1.8959045,3.485161,12.546579,57.044098,25.928337,Bangalore,12.9616,77.5945,13.0,77.5
2025-01-20 06:00:00,-3.3245544,-2.055542,3.9086974,14.07131,58.27188,36.576508,Bangalore,12.9616,77.5945,13.0,77.5
2025-01-20 07:00:00,-3.3002014,-2.1772614,3.9537067,14.233344,56.585724,37.854668,Bangalore,12.9616,77.5945,13.0,77.5
2025-01-20 08:00:00,-3.1717072,-2.3305511,3.9358857,14.1691885,53.691772,37.345093,Bangalore,12.9616,77.5945,13.0,77.5
2025-01-20 09:00:00,-2.9565125,-2.3283386,3.7632601,13.547736,51.778564,32.643658,Bangalore,12.9616,77.5945,13.0,77.5
2025-01-20 10:00:00,-2.9047546,-2.2335815,3.6642168,13.19118,52.441895,30.1335,Bangalore,12.9616,77.5945,13.0,77.5
2025-01-20 11:00:00,-3.0194092,-2.672882,4.0325093,14.517034,48.483673,40.163567,Bangalore,12.9616,77.5945,13.0,77.5
2025-01-20 12:00:00,-3.3052216,-2.644394,4.2328844,15.238383,51.33789,46.453167,Bangalore,12.9616,77.5945,13.0,77.5
2025-01-20 13:00:00,-4.2064514,-2.879715,5.097744,18.351877,55.604645,81.14096,Bangalore,12.9616,77.5945,13.0,77.5
2025-01-20 14:00:00,-5.0093994,-2.8623047,5.7694774,20.770119,60.256927,117.6293,Bangalore,12.9616,77.5945,13.0,77.5
2025-01-20 15:00:00,-5.4855194,-2.8483734,6.180951,22.251423,62.559265,144.63455,Bangalore,12.9616,77.5945,13.0,77.5
2025-01-20 16:00:00,-5.6421967,-2.8625336,6.3268065,22.776503,63.099304,155.11713,Bangalore,12.9616,77.5945,13.0,77.5
2025-01-20 17:00:00,-5.8041687,-2.3972626,6.2797484,22.607094,67.55817,151.68158,Bangalore,12.9616,77.5945,13.0,77.5
2025-01-20 18:00:00,-5.741104,-1.9463196,6.062049,21.823376,71.27258,136.44713,Bangalore,12.9616,77.5945,13.0,77.5
2025-01-20 19:00:00,-5.4625244,-1.8313599,5.761341,20.740828,71.46582,117.132355,Bangalore,12.9616,77.5945,13.0,77.5
2025-01-20 20:00:00,-4.881317,-2.2783203,5.386836,19.392609,64.97952,95.74307,Bangalore,12.9616,77.5945,13.0,77.5
2025-01-20 21:00:00,-4.5652313,-2.7070312,5.3074813,19.106932,59.333466,91.57385,Bangalore,12.9616,77.5945,13.0,77.5
2025-01-20 22:00:00,-4.809555,-2.7541656,5.5423145,19.952332,60.202637,104.27486,Bangalore,12.9616,77.5945,13.0,77.5
2025-01-20 23:00:00,-4.850754,-2.7299957,5.56621,20.038355,60.629272,105.6294,Bangalore,12.9616,77.5945,13.0,77.5
2025-01-21 00:00:00,-4.8739014,-2.666336,5.5555615,20.000021,61.318512,105.02435,Bangalore,12.9616,77.5945,13.0,77.5
2025-01-21 01:00:00,-4.9651794,-2.61203,5.6103215,20.197157,62.252502,108.16067,Bangalore,12.9616,77.5945,13.0,77.5
2025-01-21 02:00:00,-5.1738586,-2.562088,5.7734833,20.78454,63.655457,117.8745,Bangalore,12.9616,77.5945,13.0,77.5
2025-01-21 03:00:00,-4.3660583,-2.0258484,4.813162,17.327383,65.108734,68.29635,Bangalore,12.9616,77.5945,13.0,77.5
2025-01-21 04:00:00,-4.119522,-1.9328613,4.5504303,16.381548,64.86426,57.71165,Bangalore,12.9616,77.5945,13.0,77.5
2025-01-21 05:00:00,-4.2961426,-2.0894318,4.777297,17.198269,64.063995,66.78099,Bangalore,12.9616,77.5945,13.0,77.5
2025-01-21 06:00:00,-4.2527466,-2.0894928,4.7383366,17.058012,63.83383,65.160416,Bangalore,12.9616,77.5945,13.0,77.5
2025-01-21 07:00:00,-4.133484,-2.0334778,4.6065955,16.583744,63.804993,59.875114,Bangalore,12.9616,77.5945,13.0,77.5
2025-01-21 08:00:00,-3.9879303,-1.8385315,4.3913307,15.80879,65.249146,51.86741,Bangalore,12.9616,77.5945,13.0,77.5
2025-01-21 09:00:00,-3.9240723,-1.6503143,4.25698,15.325128,67.19025,47.250988,Bangalore,12.9616,77.5945,13.0,77.5
2025-01-21 10:00:00,-3.9039154,-1.4307556,4.157838,14.968216,69.8725,44.02595,Bangalore,12.9616,77.5945,13.0,77.5
2025-01-21 11:00:00,-4.0945435,-1.4450684,4.3420625,15.631425,70.56076,50.14115,Bangalore,12.9616,77.5945,13.0,77.5
2025-01-21 12:00:00,-4.254013,-1.2485352,4.433449,15.960415,73.64325,53.374176,Bangalore,12.9616,77.5945,13.0,77.5
2025-01-21 13:00:00,-5.210907,-1.5617218,5.4399014,19.583645,73.31641,98.60051,Bangalore,12.9616,77.5945,13.0,77.5
2025-01-21 14:00:00,-5.87146,-1.926117,6.179318,22.245544,71.83804,144.51993,Bangalore,12.9616,77.5945,13.0,77.5
2025-01-21 15:00:00,-6.225189,-1.9056854,6.510347,23.437248,72.97934,169.01237,Bangalore,12.9616,77.5945,13.0,77.5
2025-01-21 16:00:00,-6.4900208,-1.4567413,6.651501,23.945404,77.34912,180.24579,Bangalore,12.9616,77.5945,13.0,77.5
2025-01-21 17:00:00,-6.446594,-1.146698,6.5477853,23.572027,79.91391,171.94493,Bangalore,12.9616,77.5945,13.0,77.5
2025-01-21 18:00:00,-6.1477356,-1.1280212,6.2503667,22.50132,79.60269,149.56245,Bangalore,12.9616,77.5945,13.0,77.5
2025-01-21 19:00:00,-5.9347534,-0.98939514,6.01666,21.659977,80.53516,133.40514,Bangalore,12.9616,77.5945,13.0,77.5
2025-01-21 20:00:00,-5.774414,-0.7653961,5.8249197,20.969711,82.44946,121.0531,Bangalore,12.9616,77.5945,13.0,77.5
2025-01-21 21:00:00,-5.3577576,-0.7854004,5.415018,19.494064,81.66034,97.25363,Bangalore,12.9616,77.5945,13.0,77.5
2025-01-21 22:00:00,-5.5239716,0.006866455,5.523976,19.886312,90.07123,103.24319,Bangalore,12.9616,77.5945,13.0,77.5
2025-01-21 23:00:00,-5.2957916,0.4440918,5.314379,19.131765,94.79346,91.931366,Bangalore,12.9616,77.5945,13.0,77.5
2025-01-22 00:00:00,-5.2125854,0.68478394,5.2573733,18.926544,97.48416,89.004616,Bangalore,12.9616,77.5945,13.0,77.5
2025-01-22 01:00:00,-4.958664,0.8060303,5.023747,18.08549,99.232666,77.65857,Bangalore,12.9616,77.5945,13.0,77.5
2025-01-22 02:00:00,-4.8338165,0.8548889,4.9088306,17.67179,100.02939,72.45031,Bangalore,12.9616,77.5945,13.0,77.5
2025-01-22 03:00:00,-3.419571,0.4501648,3.4490743,12.416667,97.49951,25.13123,Bangalore,12.9616,77.5945,13.0,77.5
2025-01-22 04:00:00,-3.0068665,0.5707245,3.060551,11.017983,100.747284,17.559208,Bangalore,12.9616,77.5945,13.0,77.5
2025-01-22 05:00:00,-2.8179016,0.7127991,2.9066565,10.4639635,104.195404,15.041365,Bangalore,12.9616,77.5945,13.0,77.5
2025-01-22 06:00:00,-2.7094727,0.67503357,2.7922952,10.052262,103.989746,13.33491,Bangalore,12.9616,77.5945,13.0,77.5
2025-01-22 07:00:00,-2.6042023,0.6973114,2.6959438,9.705398,104.99008,12.001586,Bangalore,12.9616,77.5945,13.0,77.5
2025-01-22 08:00:00,-2.7111816,0.5543823,2.7672813,9.962213,101.55652,12.979741,Bangalore,12.9616,77.5945,13.0,77.5
2025-01-22 09:00:00,-3.055542,0.66822815,3.1277573,11.259926,102.336,18.741539,Bangalore,12.9616,77.5945,13.0,77.5
2025-01-22 10:00:00,-3.3296356,1.215271,3.5444827,12.760138,110.05139,27.274996,Bangalore,12.9616,77.5945,13.0,77.5
2025-01-22 11:00:00,-3.7871857,1.5794983,4.103363,14.772106,112.63925,42.318077,Bangalore,12.9616,77.5945,13.0,77.5
2025-01-22 12:00:00,-4.095413,1.7815552,4.4661336,16.078081,113.50964,54.563377,Bangalore,12.9616,77.5945,13.0,77.5
2025-01-22 13:00:00,-4.809372,2.203064,5.289948,19.043812,114.61142,90.66931,Bangalore,12.9616,77.5945,13.0,77.5
2025-01-22 14:00:00,-5.5000916,2.775589,6.160755,22.178719,116.77753,143.2214,Bangalore,12.9616,77.5945,13.0,77.5
2025-01-22 15:00:00,-5.8819885,3.2130127,6.702331,24.128391,118.645386,184.40968,Bangalore,12.9616,77.5945,13.0,77.5
2025-01-22 16:00:00,-6.0735016,3.227417,6.877764,24.75995,117.98587,199.27277,Bangalore,12.9616,77.5945,13.0,77.5
2025-01-22 17:00:00,-6.187332,2.8714905,6.821183,24.55626,114.89563,194.39507,Bangalore,12.9616,77.5945,13.0,77.5
2025-01-22 18:00:00,-6.108078,2.4379425,6.576639,23.6759,111.758606,174.22809,Bangalore,12.9616,77.5945,13.0,77.5
2025-01-22 19:00:00,-5.9612427,2.1855774,6.3492646,22.857351,110.13452,156.77484,Bangalore,12.9616,77.5945,13.0,77.5
2025-01-22 20:00:00,-5.729004,2.1369934,6.1145916,22.01253,110.45618,140.02592,Bangalore,12.9616,77.5945,13.0,77.5
2025-01-22 21:00:00,-5.3455048,1.8798828,5.6664257,20.399132,109.37552,111.4381,Bangalore,12.9616,77.5945,13.0,77.5
2025-01-22 22:00:00,-5.157486,1.9215088,5.5038037,19.813692,110.433716,102.116264,Bangalore,12.9616,77.5945,13.0,77.5
2025-01-22 23:00:00,-4.6282806,1.6108246,4.9005857,17.642107,109.18991,72.08585,Bangalore,12.9616,77.5945,13.0,77.5
2025-01-23 00:00:00,-4.4175873,1.4216614,4.640711,16.706558,107.83914,61.21525,Bangalore,12.9616,77.5945,13.0,77.5
2025-01-23 01:00:00,-3.838623,1.3326111,4.0633583,14.62809,109.1449,41.092396,Bangalore,12.9616,77.5945,13.0,77.5
2025-01-23 02:00:00,-3.1124725,1.1566772,3.3204498,11.953619,110.38641,22.423162,Bangalore,12.9616,77.5945,13.0,77.5
2025-01-23 03:00:00,-2.3511353,0.8775482,2.5095673,9.034442,110.467804,9.680608,Bangalore,12.9616,77.5945,13.0,77.5
2025-01-23 04:00:00,-1.9998474,0.9449463,2.2118573,7.962686,115.29114,6.627923,Bangalore,12.9616,77.5945,13.0,77.5
2025-01-23 05:00:00,-2.174881,1.3934631,2.5829918,9.29877,122.64801,10.555412,Bangalore,12.9616,77.5945,13.0,77.5
2025-01-23 06:00:00,-2.7277985,1.2417145,2.9971218,10.7896385,114.47537,16.489948,Bangalore,12.9616,77.5945,13.0,77.5
2025-01-23 07:00:00,-3.3552856,0.7257385,3.432876,12.358354,102.204895,24.778812,Bangalore,12.9616,77.5945,13.0,77.5
2025-01-23 08:00:00,-3.8330078,0.1307373,3.8352368,13.806852,91.95349,34.552753,Bangalore,12.9616,77.5945,13.0,77.5
2025-01-23 09:00:00,-4.1839905,-0.13311768,4.1861076,15.069987,88.17767,44.93009,Bangalore,12.9616,77.5945,13.0,77.5
2025-01-23 10:00:00,-4.1227264,0.1020813,4.12399,14.846364,91.418396,42.95947,Bangalore,12.9616,77.5945,13.0,77.5
2025-01-23 11:00:00,-4.5859985,0.36294556,4.6003385,16.561218,94.525085,59.631466,Bangalore,12.9616,77.5945,13.0,77.5
2025-01-23 12:00:00,-4.9399414,1.2975311,5.1075053,18.387018,104.71695,81.60797,Bangalore,12.9616,77.5945,13.0,77.5
2025-01-23 13:00:00,-5.7325134,2.3180695,6.1834583,22.260448,112.01703,144.81062,Bangalore,12.9616,77.5945,13.0,77.5
2025-01-23 14:00:00,-6.1546326,2.9661713,6.832106,24.595581,115.73132,195.33044,Bangalore,12.9616,77.5945,13.0,77.5
2025-01-23 15:00:00,-6.2111664,3.212082,6.9925714,25.173256,117.34558,209.41936,Bangalore,12.9616,77.5945,13.0,77.5
2025-01-23 16:00:00,-6.0725403,3.1501923,6.8410125,24.627644,117.41849,196.09534,Bangalore,12.9616,77.5945,13.0,77.5
2025-01-23 17:00:00,-5.839966,3.010498,6.5702586,23.652931,117.27106,173.72148,Bangalore,12.9616,77.5945,13.0,77.5
2025-01-23 18:00:00,-5.6283417,2.951233,6.355156,22.878561,117.67035,157.21165,Bangalore,12.9616,77.5945,13.0,77.5
2025-01-23 19:00:00,-5.270233,2.8683472,6.0002313,21.600832,118.557434,132.3153,Bangalore,12.9616,77.5945,13.0,77.5
2025-01-23 20:00:00,-5.008499,2.6620789,5.6720123,20.419245,117.99118,111.76803,Bangalore,12.9616,77.5945,13.0,77.5
2025-01-23 21:00:00,-5.0595245,2.1596832,5.5011835,19.80426,113.11545,101.97048,Bangalore,12.9616,77.5945,13.0,77.5
2025-01-23 22:00:00,-5.0021515,1.9796295,5.379633,19.366678,111.59146,95.35951,Bangalore,12.9616,77.5945,13.0,77.5
2025-01-23 23:00:00,-4.973938,1.2032928,5.117419,18.422707,103.59967,82.08408,Bangalore,12.9616,77.5945,13.0,77.5
2025-01-24 00:00:00,-4.8387146,0.48017883,4.862482,17.504934,95.6673,70.41743,Bangalore,12.9616,77.5945,13.0,77.5
2025-01-24 01:00:00,-4.6194763,-0.27120972,4.627431,16.65875,86.640015,60.69123,Bangalore,12.9616,77.5945,13.0,77.5
2025-01-24 02:00:00,-4.2979126,-0.5408325,4.331807,15.594505,82.82782,49.78671,Bangalore,12.9616,77.5945,13.0,77.5
2025-01-24 03:00:00,-3.7208252,-0.31054688,3.7337623,13.441544,85.229034,31.882038,Bangalore,12.9616,77.5945,13.0,77.5
2025-01-24 04:00:00,-3.5005035,0.28590393,3.5121598,12.643775,94.66928,26.5356,Bangalore,12.9616,77.5945,13.0,77.5
2025-01-24 05:00:00,-3.2982788,0.8573761,3.4078934,12.268416,104.57135,24.241758,Bangalore,12.9616,77.5945,13.0,77.5
2025-01-24 06:00:00,-3.242691,1.2068024,3.4599736,12.455905,110.41327,25.370234,Bangalore,12.9616,77.5945,13.0,77.5
2025-01-24 07:00:00,-3.1539154,1.1805267,3.3676143,12.123411,110.52112,23.392311,Bangalore,12.9616,77.5945,13.0,77.5
2025-01-24 08:00:00,-3.269394,1.1156769,3.4545145,12.436252,108.84213,25.250336,Bangalore,12.9616,77.5945,13.0,77.5
2025-01-24 09:00:00,-3.5772552,1.1184692,3.74803,13.492908,107.36243,32.248924,Bangalore,12.9616,77.5945,13.0,77.5
2025-01-24 10:00:00,-3.422577,1.2352753,3.6386726,13.099221,109.84549,29.507679,Bangalore,12.9616,77.5945,13.0,77.5
2025-01-24 11:00:00,-4.002365,0.9846649,4.12171,14.838155,103.82147,42.888252,Bangalore,12.9616,77.5945,13.0,77.5
2025-01-24 12:00:00,-4.576126,1.1805878,4.725962,17.013464,104.46619,64.65123,Bangalore,12.9616,77.5945,13.0,77.5
2025-01-24 13:00:00,-5.504135,2.1336823,5.9032283,21.251621,111.18884,126.00124,Bangalore,12.9616,77.5945,13.0,77.5
2025-01-24 14:00:00,-5.8534546,2.6284943,6.4165344,23.099524,114.182465,161.81087,Bangalore,12.9616,77.5945,13.0,77.5
2025-01-24 15:00:00,-5.9263916,2.6667633,6.4987493,23.395496,114.22684,168.11073,Bangalore,12.9616,77.5945,13.0,77.5
2025-01-24 16:00:00,-5.858612,2.5980988,6.4088573,23.071886,113.91568,161.23076,Bangalore,12.9616,77.5945,13.0,77.5
2025-01-24 17:00:00,-5.6515503,2.3617249,6.1251745,22.050627,112.679535,140.75424,Bangalore,12.9616,77.5945,13.0,77.5
2025-01-24 18:00:00,-5.524475,1.9496765,5.858418,21.090303,109.43875,123.15362,Bangalore,12.9616,77.5945,13.0,77.5
2025-01-24 19:00:00,-5.2042084,1.4447784,5.401034,19.443722,105.515564,96.502106,Bangalore,12.9616,77.5945,13.0,77.5
2025-01-24 20:00:00,-4.901169,1.1138,5.0261326,18.094076,102.80313,77.76926,Bangalore,12.9616,77.5945,13.0,77.5
2025-01-24 21:00:00,-4.602417,0.7940674,4.670416,16.813498,99.789,62.398304,Bangalore,12.9616,77.5945,13.0,77.5
2025-01-24 22:00:00,-4.940933,1.2464447,5.0957284,18.344622,104.15854,81.044754,Bangalore,12.9616,77.5945,13.0,77.5
2025-01-24 23:00:00,-5.171463,0.99432373,5.2661853,18.958267,100.883514,89.45292,Bangalore,12.9616,77.5945,13.0,77.5
2025-01-25 00:00:00,-5.1297607,0.727005,5.181021,18.651676,98.06641,85.18286,Bangalore,12.9616,77.5945,13.0,77.5
2025-01-25 01:00:00,-4.957657,0.35890198,4.970631,17.894272,94.140625,75.22128,Bangalore,12.9616,77.5945,13.0,77.5
2025-01-25 02:00:00,-5.040634,-0.23582458,5.046148,18.166132,87.32138,78.70205,Bangalore,12.9616,77.5945,13.0,77.5
2025-01-25 03:00:00,-4.513565,-0.3977356,4.5310555,16.3118,84.96411,56.977608,Bangalore,12.9616,77.5945,13.0,77.5
2025-01-25 04:00:00,-4.3041534,-0.22346497,4.3099504,15.5158205,87.027954,49.03689,Bangalore,12.9616,77.5945,13.0,77.5
2025-01-25 05:00:00,-3.922882,-0.3462677,3.9381347,14.177284,84.95563,37.409145,Bangalore,12.9616,77.5945,13.0,77.5
2025-01-25 06:00:00,-3.750534,-0.52604675,3.7872458,13.634085,82.01581,33.27182,Bangalore,12.9616,77.5945,13.0,77.5
2025-01-25 07:00:00,-3.715561,-0.6725769,3.775944,13.593398,79.739624,32.974842,Bangalore,12.9616,77.5945,13.0,77.5
2025-01-25 08:00:00,-3.822754,-0.6101074,3.871134,13.936082,80.93213,35.532085,Bangalore,12.9616,77.5945,13.0,77.5
2025-01-25 09:00:00,-4.027069,-0.68940735,4.085654,14.708353,80.28552,41.772533,Bangalore,12.9616,77.5945,13.0,77.5
2025-01-25 10:00:00,-3.8087769,-0.7793579,3.887696,13.995706,78.43567,35.990097,Bangalore,12.9616,77.5945,13.0,77.5
2025-01-25 11:00:00,-3.7915192,-1.4424286,4.0566263,14.603854,69.17139,40.888493,Bangalore,12.9616,77.5945,13.0,77.5
2025-01-25 12:00:00,-4.087494,-1.3320312,4.29906,15.476615,71.95026,48.666107,Bangalore,12.9616,77.5945,13.0,77.5
2025-01-25 13:00:00,-5.067276,-0.3217163,5.0774784,18.278921,86.36722,80.1771,Bangalore,12.9616,77.5945,13.0,77.5
2025-01-25 14:00:00,-5.9902344,0.12982178,5.991641,21.569908,91.241516,131.74783,Bangalore,12.9616,77.5945,13.0,77.5
2025-01-25 15:00:00,-6.3563232,-0.10461426,6.357184,22.885862,89.0571,157.3622,Bangalore,12.9616,77.5945,13.0,77.5
2025-01-25 16:00:00,-6.559906,0.012145996,6.5599174,23.615702,90.10608,172.90248,Bangalore,12.9616,77.5945,13.0,77.5
2025-01-25 17:00:00,-6.5832367,0.6373749,6.6140194,23.810469,95.53003,177.21582,Bangalore,12.9616,77.5945,13.0,77.5
2025-01-25 18:00:00,-6.6230164,0.96269226,6.692617,24.09342,98.270325,183.60901,Bangalore,12.9616,77.5945,13.0,77.5
2025-01-25 19:00:00,-6.4411774,1.0719147,6.5297604,23.507137,99.44833,170.52884,Bangalore,12.9616,77.5945,13.0,77.5
2025-01-25 20:00:00,-5.993271,1.3148956,6.1358166,22.08894,102.37436,141.48918,Bangalore,12.9616,77.5945,13.0,77.5
2025-01-25 21:00:00,-5.437088,1.4421844,5.6251063,20.250381,104.85559,109.01802,Bangalore,12.9616,77.5945,13.0,77.5
2025-01-25 22:00:00,-4.755371,1.2395325,4.914264,17.69135,104.60959,72.69116,Bangalore,12.9616,77.5945,13.0,77.5
2025-01-25 23:00:00,-4.567322,0.9063721,4.656387,16.762993,101.224365,61.837692,Bangalore,12.9616,77.5945,13.0,77.5
2025-01-26 00:00:00,-4.792328,0.43640137,4.8121567,17.323763,95.203125,68.25357,Bangalore,12.9616,77.5945,13.0,77.5
2025-01-26 01:00:00,-5.2009277,0.15774536,5.2033195,18.73195,91.73724,86.287445,Bangalore,12.9616,77.5945,13.0,77.5
2025-01-26 02:00:00,-5.599243,0.02420044,5.5992956,20.157463,90.24762,107.52422,Bangalore,12.9616,77.5945,13.0,77.5
2025-01-26 03:00:00,-5.022583,-0.4398346,5.041805,18.150497,84.9953,78.499016,Bangalore,12.9616,77.5945,13.0,77.5
2025-01-26 04:00:00,-4.254196,-0.639328,4.3019676,15.487083,81.45343,48.76492,Bangalore,12.9616,77.5945,13.0,77.5
2025-01-26 05:00:00,-4.8628693,-0.86491394,4.9391875,17.781075,79.914795,73.802765,Bangalore,12.9616,77.5945,13.0,77.5
2025-01-26 06:00:00,-5.4799347,-1.2116699,5.612293,20.204254,77.53192,108.27471,Bangalore,12.9616,77.5945,13.0,77.5
2025-01-26 07:00:00,-5.9446106,-1.3343201,6.09252,21.933073,77.34912,138.51508,Bangalore,12.9616,77.5945,13.0,77.5
2025-01-26 08:00:00,-6.0662994,-1.1174164,6.1683555,22.20608,79.56305,143.75212,Bangalore,12.9616,77.5945,13.0,77.5
2025-01-26 09:00:00,-6.021637,-0.87776184,6.0852757,21.906992,81.70651,138.02153,Bangalore,12.9616,77.5945,13.0,77.5
2025-01-26 10:00:00,-5.4027863,-0.2715454,5.409606,19.47458,87.12271,96.962326,Bangalore,12.9616,77.5945,13.0,77.5
2025-01-26 11:00:00,-5.563339,0.13916016,5.565079,20.034285,91.43289,105.56504,Bangalore,12.9616,77.5945,13.0,77.5
2025-01-26 12:00:00,-5.5459595,0.7604523,5.5978527,20.15227,97.80762,107.44112,Bangalore,12.9616,77.5945,13.0,77.5
2025-01-26 13:00:00,-6.196228,1.5031586,6.3759494,22.953417,103.63611,158.75984,Bangalore,12.9616,77.5945,13.0,77.5
2025-01-26 14:00:00,-6.4953766,2.125473,6.8342924,24.603453,108.11957,195.518,Bangalore,12.9616,77.5945,13.0,77.5
2025-01-26 15:00:00,-6.442154,2.5848541,6.9413843,24.988983,111.86267,204.85396,Bangalore,12.9616,77.5945,13.0,77.5
2025-01-26 16:00:00,-6.4823456,2.6008453,6.9846406,25.144705,111.86163,208.70763,Bangalore,12.9616,77.5945,13.0,77.5
2025-01-26 17:00:00,-6.312027,2.139923,6.6649046,23.993656,108.727844,181.33762,Bangalore,12.9616,77.5945,13.0,77.5
2025-01-26 18:00:00,-6.0794373,1.3890839,6.2361135,22.450008,102.870514,148.54161,Bangalore,12.9616,77.5945,13.0,77.5
2025-01-26 19:00:00,-5.642639,0.783905,5.696831,20.508593,97.90921,113.24164,Bangalore,12.9616,77.5945,13.0,77.5
2025-01-26 20:00:00,-5.065735,0.25160217,5.071979,18.259125,92.84338,79.91687,Bangalore,12.9616,77.5945,13.0,77.5
2025-01-26 21:00:00,-4.5933075,0.1257019,4.595027,16.542097,91.567566,59.42515,Bangalore,12.9616,77.5945,13.0,77.5
2025-01-26 22:00:00,-4.863968,0.9255829,4.951251,17.824503,100.7742,74.34486,Bangalore,12.9616,77.5945,13.0,77.5
2025-01-26 23:00:00,-4.0351105,1.1208801,4.1878977,15.076431,105.52432,44.98775,Bangalore,12.9616,77.5945,13.0,77.5
2025-01-27 00:00:00,-3.5783844,1.1103821,3.7467031,13.488131,107.23926,32.214687,Bangalore,12.9616,77.5945,13.0,77.5
2025-01-27 01:00:00,-3.0144653,1.010437,3.1793056,11.445499,108.530945,19.683525,Bangalore,12.9616,77.5945,13.0,77.5
2025-01-27 02:00:00,-2.868637,0.7501831,2.965106,10.674381,104.655334,15.967128,Bangalore,12.9616,77.5945,13.0,77.5
2025-01-27 03:00:00,-2.6105194,0.38983154,2.6394658,9.502077,98.493286,11.263003,Bangalore,12.9616,77.5945,13.0,77.5
2025-01-27 04:00:00,-2.1507263,0.0024108887,2.1507277,7.7426195,90.06421,6.093438,Bangalore,12.9616,77.5945,13.0,77.5
2025-01-27 05:00:00,-2.295227,-1.3361816,2.655833,9.560999,59.793884,11.473829,Bangalore,12.9616,77.5945,13.0,77.5
2025-01-27 06:00:00,-2.2024384,-2.916336,3.654552,13.156386,37.060364,29.895687,Bangalore,12.9616,77.5945,13.0,77.5
2025-01-27 07:00:00,-2.2617493,-3.256546,3.9649215,14.273717,34.780914,38.17771,Bangalore,12.9616,77.5945,13.0,77.5
2025-01-27 08:00:00,-2.3912811,-2.88768,3.7492561,13.497322,39.628082,32.280586,Bangalore,12.9616,77.5945,13.0,77.5
2025-01-27 09:00:00,-2.6578827,-2.3322296,3.536048,12.729773,48.733795,27.08074,Bangalore,12.9616,77.5945,13.0,77.5
2025-01-27 10:00:00,-2.5760956,-1.2827148,2.8777814,10.360013,63.529907,14.597534,Bangalore,12.9616,77.5945,13.0,77.5
2025-01-27 11:00:00,-2.901413,-1.0669861,3.0913842,11.128983,69.80914,18.095268,Bangalore,12.9616,77.5945,13.0,77.5
2025-01-27 12:00:00,-3.539566,-0.95921326,3.6672359,13.202048,74.83716,30.208044,Bangalore,12.9616,77.5945,13.0,77.5
2025-01-27 13:00:00,-4.648346,-0.71759033,4.703409,16.932272,81.22421,63.73007,Bangalore,12.9616,77.5945,13.0,77.5
2025-01-27 14:00:00,-5.852463,-0.060913086,5.85278,21.070007,89.40369,122.79839,Bangalore,12.9616,77.5945,13.0,77.5
2025-01-27 15:00:00,-6.4623566,1.2897186,6.589797,23.723269,101.28647,175.27591,Bangalore,12.9616,77.5945,13.0,77.5
2025-01-27 16:00:00,-6.5075226,2.5030365,6.9723053,25.100298,111.038605,207.6038,Bangalore,12.9616,77.5945,13.0,77.5
2025-01-27 17:00:00,-6.3150787,2.991272,6.987698,25.155712,115.34558,208.98181,Bangalore,12.9616,77.5945,13.0,77.5
2025-01-27 18:00:00,-6.088928,2.8173676,6.7091436,24.152916,114.83014,184.9726,Bangalore,12.9616,77.5945,13.0,77.5
2025-01-27 19:00:00,-5.8686066,2.2041779,6.268887,22.567993,110.58557,150.89589,Bangalore,12.9616,77.5945,13.0,77.5
2025-01-27 20:00:00,-5.6361694,1.5156708,5.8364086,21.01107,105.05182,121.7708,Bangalore,12.9616,77.5945,13.0,77.5
2025-01-27 21:00:00,-5.243332,1.480133,5.4482403,19.613665,105.76376,99.05465,Bangalore,12.9616,77.5945,13.0,77.5
2025-01-27 22:00:00,-5.2336426,2.121048,5.6471105,20.329597,112.06134,110.3024,Bangalore,12.9616,77.5945,13.0,77.5
2025-01-27 23:00:00,-4.612274,2.3997192,5.1992044,18.717136,117.48749,86.08288,Bangalore,12.9616,77.5945,13.0,77.5
2025-01-28 00:00:00,-4.0404663,2.5343475,4.7695165,17.17026,122.097626,66.45523,Bangalore,12.9616,77.5945,13.0,77.5
2025-01-28 01:00:00,-3.3729858,2.0634766,3.9541078,14.234788,121.45685,37.866188,Bangalore,12.9616,77.5945,13.0,77.5
2025-01-28 02:00:00,-2.7957,1.0844727,2.9986696,10.795211,111.20163,16.515509,Bangalore,12.9616,77.5945,13.0,77.5
2025-01-28 03:00:00,-1.7743225,0.08494568,1.7763547,6.3948765,92.74094,3.4331686,Bangalore,12.9616,77.5945,13.0,77.5
2025-01-28 04:00:00,-1.4055176,0.21913147,1.4224972,5.12099,98.86151,1.7630326,Bangalore,12.9616,77.5945,13.0,77.5
2025-01-28 05:00:00,-1.5878143,-0.27230835,1.6109954,5.7995834,80.26849,2.5608788,Bangalore,12.9616,77.5945,13.0,77.5
2025-01-28 06:00:00,-2.0859375,-1.0205688,2.322218,8.359984,63.92926,7.670347,Bangalore,12.9616,77.5945,13.0,77.5
2025-01-28 07:00:00,-2.5542145,-1.3332062,2.881224,10.372406,62.437103,14.649984,Bangalore,12.9616,77.5945,13.0,77.5
2025-01-28 08:00:00,-2.7005768,-1.0265961,2.88912,10.400832,69.18622,14.7707615,Bangalore,12.9616,77.5945,13.0,77.5
2025-01-28 09:00:00,-2.702423,-0.7475281,2.803906,10.094061,74.53781,13.501948,Bangalore,12.9616,77.5945,13.0,77.5
2025-01-28 10:00:00,-2.0658112,-0.41558838,2.1071994,7.585918,78.62537,5.730902,Bangalore,12.9616,77.5945,13.0,77.5
2025-01-28 11:00:00,-2.1777954,-0.52716064,2.24069,8.0664835,76.39264,6.8905106,Bangalore,12.9616,77.5945,13.0,77.5
2025-01-28 12:00:00,-2.695694,-0.041381836,2.6960115,9.705642,89.120514,12.00249,Bangalore,12.9616,77.5945,13.0,77.5
2025-01-28 13:00:00,-3.7528381,0.79907227,3.8369663,13.813078,102.02017,34.599518,Bangalore,12.9616,77.5945,13.0,77.5
2025-01-28 14:00:00,-4.9258575,1.4090118,5.1234155,18.444296,105.96286,82.37299,Bangalore,12.9616,77.5945,13.0,77.5
2025-01-28 15:00:00,-5.8702545,1.8925629,6.167794,22.204058,107.86926,143.71289,Bangalore,12.9616,77.5945,13.0,77.5
2025-01-28 16:00:00,-6.361679,2.3382263,6.777777,24.399998,110.18085,190.70758,Bangalore,12.9616,77.5945,13.0,77.5
2025-01-28 17:00:00,-6.5856476,2.32576,6.984262,25.143343,109.45096,208.67368,Bangalore,12.9616,77.5945,13.0,77.5
2025-01-28 18:00:00,-6.698654,2.0852203,7.0157046,25.256536,107.2908,211.50467,Bangalore,12.9616,77.5945,13.0,77.5
2025-01-28 19:00:00,-6.8466644,1.7792664,7.0740795,25.466686,104.56741,216.82828,Bangalore,12.9616,77.5945,13.0,77.5
2025-01-28 20:00:00,-6.892502,1.5072021,7.0553694,25.399328,102.33484,215.11237,Bangalore,12.9616,77.5945,13.0,77.5
2025-01-28 21:00:00,-6.6956787,1.647934,6.8954916,24.823769,103.82678,200.81761,Bangalore,12.9616,77.5945,13.0,77.5
2025-01-28 22:00:00,-6.0750427,2.329895,6.5065007,23.423403,110.98276,168.713,Bangalore,12.9616,77.5945,13.0,77.5
2025-01-28 23:00:00,-5.516983,2.2635498,5.9632845,21.467823,112.30774,129.88611,Bangalore,12.9616,77.5945,13.0,77.5
2025-01-29 00:00:00,-4.833679,1.5818024,5.085917,18.309301,108.12048,80.57752,Bangalore,12.9616,77.5945,13.0,77.5
2025-01-29 01:00:00,-3.8864899,0.34103394,3.9014237,14.045125,95.01477,36.372692,Bangalore,12.9616,77.5945,13.0,77.5
2025-01-29 02:00:00,-3.3184204,-0.6311188,3.3779025,12.160449,79.23172,23.60736,Bangalore,12.9616,77.5945,13.0,77.5
2025-01-29 03:00:00,-2.8367004,-1.2377014,3.0949595,11.141854,66.42752,18.158125,Bangalore,12.9616,77.5945,13.0,77.5
2025-01-29 04:00:00,-2.655426,-1.7682343,3.1902883,11.485038,56.340576,19.88822,Bangalore,12.9616,77.5945,13.0,77.5
2025-01-29 05:00:00,-2.8106537,-2.559967,3.801737,13.686254,47.672485,33.655212,Bangalore,12.9616,77.5945,13.0,77.5
2025-01-29 06:00:00,-3.4128418,-2.8568726,4.450754,16.022715,50.067474,54.00164,Bangalore,12.9616,77.5945,13.0,77.5
2025-01-29 07:00:00,-3.7553864,-2.3173065,4.4128036,15.886093,58.322815,52.632004,Bangalore,12.9616,77.5945,13.0,77.5
2025-01-29 08:00:00,-3.9233246,-1.4790802,4.1928697,15.094331,69.34372,45.148174,Bangalore,12.9616,77.5945,13.0,77.5
2025-01-29 09:00:00,-3.949463,-1.0161743,4.078096,14.681145,75.571106,41.541138,Bangalore,12.9616,77.5945,13.0,77.5
2025-01-29 10:00:00,-3.7458649,-1.1509094,3.9186854,14.107267,72.92053,36.857624,Bangalore,12.9616,77.5945,13.0,77.5
2025-01-29 11:00:00,-3.955719,-1.5326996,4.2422733,15.272183,68.820435,46.762962,Bangalore,12.9616,77.5945,13.0,77.5
2025-01-29 12:00:00,-4.4505005,-1.3042145,4.6376643,16.695591,73.66684,61.09477,Bangalore,12.9616,77.5945,13.0,77.5
2025-01-29 13:00:00,-5.4645386,-0.732666,5.5134363,19.84837,82.363525,102.65336,Bangalore,12.9616,77.5945,13.0,77.5
2025-01-29 14:00:00,-6.2245483,0.44070435,6.24013,22.464468,94.049835,148.82881,Bangalore,12.9616,77.5945,13.0,77.5
2025-01-29 15:00:00,-6.4454346,1.6103668,6.6435614,23.91682,104.027954,179.60109,Bangalore,12.9616,77.5945,13.0,77.5
2025-01-29 16:00:00,-6.575226,2.1703491,6.924161,24.92698,108.267,203.33287,Bangalore,12.9616,77.5945,13.0,77.5
2025-01-29 17:00:00,-6.5611877,2.0968323,6.888098,24.797152,107.7229,200.1723,Bangalore,12.9616,77.5945,13.0,77.5
2025-01-29 18:00:00,-6.3361206,1.6582031,6.5495086,23.57823,104.66574,172.08073,Bangalore,12.9616,77.5945,13.0,77.5
2025-01-29 19:00:00,-5.8624115,1.2436066,5.9928646,21.574312,101.976746,131.82857,Bangalore,12.9616,77.5945,13.0,77.5
2025-01-29 20:00:00,-5.3109283,1.1689606,5.4380536,19.576992,102.41315,98.50007,Bangalore,12.9616,77.5945,13.0,77.5
2025-01-29 21:00:00,-4.9741516,1.0376587,5.081232,18.292435,101.78348,80.35506,Bangalore,12.9616,77.5945,13.0,77.5
2025-01-29 22:00:00,-4.5269775,0.5990448,4.5664406,16.439186,97.538025,58.322956,Bangalore,12.9616,77.5945,13.0,77.5
2025-01-29 23:00:00,-4.295624,0.43418884,4.317511,15.543039,95.77167,49.29541,Bangalore,12.9616,77.5945,13.0,77.5
2025-01-30 00:00:00,-3.6386414,0.6523285,3.696653,13.30795,100.16391,30.940842,Bangalore,12.9616,77.5945,13.0,77.5
2025-01-30 01:00:00,-2.9769897,0.79959106,3.0825012,11.097004,105.03427,17.939728,Bangalore,12.9616,77.5945,13.0,77.5
2025-01-30 02:00:00,-2.4380493,0.8082886,2.5685434,9.246757,108.34195,10.379271,Bangalore,12.9616,77.5945,13.0,77.5
2025-01-30 03:00:00,-2.0891266,0.9887085,2.3112755,8.320592,115.32651,7.562428,Bangalore,12.9616,77.5945,13.0,77.5
2025-01-30 04:00:00,-1.8090973,1.1080475,2.1214623,7.6372643,121.48691,5.8480635,Bangalore,12.9616,77.5945,13.0,77.5
2025-01-30 05:00:00,-1.4755096,1.8979645,2.404038,8.654536,142.13788,8.51001,Bangalore,12.9616,77.5945,13.0,77.5
2025-01-30 06:00:00,-0.76519775,2.402008,2.5209463,9.075406,162.3299,9.812888,Bangalore,12.9616,77.5945,13.0,77.5
2025-01-30 07:00:00,-0.5730591,2.1553192,2.2302012,8.028725,165.1106,6.794199,Bangalore,12.9616,77.5945,13.0,77.5
2025-01-30 08:00:00,-0.8119354,2.061905,2.216008,7.977628,158.50647,6.665305,Bangalore,12.9616,77.5945,13.0,77.5
2025-01-30 09:00:00,-1.0854492,1.9695435,2.2488444,8.0958395,151.14008,6.9660134,Bangalore,12.9616,77.5945,13.0,77.5
2025-01-30 10:00:00,-1.3158875,2.1192322,2.494535,8.980326,148.16275,9.507688,Bangalore,12.9616,77.5945,13.0,77.5
2025-01-30 11:00:00,-1.5098724,1.9529724,2.4685655,8.886835,142.29187,9.213827,Bangalore,12.9616,77.5945,13.0,77.5
2025-01-30 12:00:00,-1.7492981,1.964798,2.6306796,9.470447,138.32068,11.150902,Bangalore,12.9616,77.5945,13.0,77.5
2025-01-30 13:00:00,-2.452652,2.670578,3.6259465,13.053407,137.4357,29.199154,Bangalore,12.9616,77.5945,13.0,77.5
2025-01-30 14:00:00,-3.435135,3.3207855,4.7778416,17.20023,134.0303,66.803825,Bangalore,12.9616,77.5945,13.0,77.5
2025-01-30 15:00:00,-4.183731,3.8831177,5.7080827,20.549097,132.86584,113.91393,Bangalore,12.9616,77.5945,13.0,77.5
2025-01-30 16:00:00,-4.573456,3.989853,6.0692196,21.84919,131.10123,136.9319,Bangalore,12.9616,77.5945,13.0,77.5
2025-01-30 17:00:00,-4.544815,4.14653,6.1521587,22.14777,132.37622,142.62271,Bangalore,12.9616,77.5945,13.0,77.5
2025-01-30 18:00:00,-4.2242584,4.4334717,6.123727,22.045416,136.38428,140.65446,Bangalore,12.9616,77.5945,13.0,77.5
2025-01-30 19:00:00,-3.798935,4.6654053,6.0164704,21.659292,140.84485,133.39252,Bangalore,12.9616,77.5945,13.0,77.5
2025-01-30 20:00:00,-3.403656,4.531189,5.667146,20.401726,143.08752,111.480606,Bangalore,12.9616,77.5945,13.0,77.5
2025-01-30 21:00:00,-3.2358093,4.153412,5.2651014,18.954365,142.0788,89.39769,Bangalore,12.9616,77.5945,13.0,77.5
2025-01-30 22:00:00,-3.3151703,4.0022736,5.1969748,18.709108,140.36432,85.972176,Bangalore,12.9616,77.5945,13.0,77.5
2025-01-30 23:00:00,-3.3351288,3.5202942,4.849284,17.457422,136.54718,69.84559,Bangalore,12.9616,77.5945,13.0,77.5
2025-01-31 00:00:00,-3.435852,3.036499,4.5853467,16.507248,131.46924,59.050373,Bangalore,12.9616,77.5945,13.0,77.5
2025-01-31 01:00:00,-3.4968262,2.406433,4.244846,15.281445,124.53482,46.848087,Bangalore,12.9616,77.5945,13.0,77.5
2025-01-31 02:00:00,-3.638733,2.006424,4.1552515,14.958905,118.87265,43.943844,Bangalore,12.9616,77.5945,13.0,77.5
2025-01-31 03:00:00,-2.751175,1.2901917,3.038677,10.939237,115.124695,17.185404,Bangalore,12.9616,77.5945,13.0,77.5
2025-01-31 04:00:00,-2.5498657,1.4193268,2.9182708,10.5057745,119.10153,15.222391,Bangalore,12.9616,77.5945,13.0,77.5
2025-01-31 05:00:00,-2.8460083,1.6480408,3.2887385,11.839458,120.07388,21.786833,Bangalore,12.9616,77.5945,13.0,77.5
2025-01-31 06:00:00,-2.7450867,1.2455444,3.0144455,10.852004,114.40549,16.777546,Bangalore,12.9616,77.5945,13.0,77.5
2025-01-31 07:00:00,-2.53891,1.335495,2.8687298,10.327427,117.74487,14.460225,Bangalore,12.9616,77.5945,13.0,77.5
2025-01-31 08:00:00,-2.4207458,1.486496,2.8407185,10.226586,121.55264,14.040763,Bangalore,12.9616,77.5945,13.0,77.5
2025-01-31 09:00:00,-2.4301605,1.5015106,2.8566089,10.283792,121.71045,14.277707,Bangalore,12.9616,77.5945,13.0,77.5
2025-01-31 10:00:00,-2.2077484,1.6026154,2.7280998,9.821159,125.976074,12.436176,Bangalore,12.9616,77.5945,13.0,77.5
2025-01-31 11:00:00,-2.3771515,1.3928986,2.75518,9.918648,120.368286,12.810203,Bangalore,12.9616,77.5945,13.0,77.5
2025-01-31 12:00:00,-2.6824646,1.5873566,3.1169403,11.220984,120.61505,18.547762,Bangalore,12.9616,77.5945,13.0,77.5
2025-01-31 13:00:00,-3.7037811,2.5088196,4.4734964,16.104588,124.11243,54.833683,Bangalore,12.9616,77.5945,13.0,77.5
2025-01-31 14:00:00,-4.495102,3.6000366,5.759011,20.732439,128.69052,116.99028,Bangalore,12.9616,77.5945,13.0,77.5
2025-01-31 15:00:00,-4.666794,4.385132,6.403776,23.053593,133.21774,160.84758,Bangalore,12.9616,77.5945,13.0,77.5
2025-01-31 16:00:00,-4.8613586,4.549652,6.658239,23.96966,133.10297,180.79408,Bangalore,12.9616,77.5945,13.0,77.5
2025-01-31 17:00:00,-5.026596,4.6066895,6.8182297,24.545626,132.50409,194.14267,Bangalore,12.9616,77.5945,13.0,77.5
2025-01-31 18:00:00,-5.1143494,4.4170074,6.757701,24.327723,130.81552,189.01794,Bangalore,12.9616,77.5945,13.0,77.5
2025-01-31 19:00:00,-5.013489,4.194641,6.536825,23.53257,129.91824,171.08295,Bangalore,12.9616,77.5945,13.0,77.5
2025-01-31 20:00:00,-4.8116302,3.722046,6.083207,21.899546,127.723816,137.88084,Bangalore,12.9616,77.5945,13.0,77.5
2025-01-31 21:00:00,-4.4941254,3.1717224,5.500635,19.802286,125.21246,101.94,Bangalore,12.9616,77.5945,13.0,77.5
2025-01-31 22:00:00,-4.24675,3.2126007,5.325006,19.170021,127.10693,92.48396,Bangalore,12.9616,77.5945,13.0,77.5
2025-01-31 23:00:00,-3.9358368,2.692459,4.768663,17.167187,124.37555,66.419556,Bangalore,12.9616,77.5945,13.0,77.5
2025-02-01 00:00:00,-3.6686554,2.4510193,4.412089,15.883519,123.746765,52.606434,Bangalore,12.9616,77.5945,13.0,77.5
2025-02-01 01:00:00,-3.3288422,2.256897,4.0217876,14.4784355,124.1366,39.84405,Bangalore,12.9616,77.5945,13.0,77.5
2025-02-01 02:00:00,-3.0577698,2.325409,3.8415468,13.829568,127.252686,34.72358,Bangalore,12.9616,77.5945,13.0,77.5
2025-02-01 03:00:00,-2.262436,2.147766,3.1195378,11.230336,133.51056,18.594173,Bangalore,12.9616,77.5945,13.0,77.5
2025-02-01 04:00:00,-1.4356079,2.130844,2.5693321,9.249596,146.03076,10.388835,Bangalore,12.9616,77.5945,13.0,77.5
2025-02-01 05:00:00,-1.118103,1.4410553,1.8239503,6.5662208,142.19238,3.716594,Bangalore,12.9616,77.5945,13.0,77.5
2025-02-01 06:00:00,-1.2432709,0.4003296,1.3061341,4.7020826,107.84839,1.3648013,Bangalore,12.9616,77.5945,13.0,77.5
2025-02-01 07:00:00,-1.6523438,-0.7703552,1.8230982,6.5631533,65.00415,3.7113874,Bangalore,12.9616,77.5945,13.0,77.5
2025-02-01 08:00:00,-1.8567963,-1.5295868,2.4056866,8.660472,50.519073,8.52753,Bangalore,12.9616,77.5945,13.0,77.5
2025-02-01 09:00:00,-1.9337006,-1.9368591,2.7369,9.85284,44.953247,12.556915,Bangalore,12.9616,77.5945,13.0,77.5
2025-02-01 10:00:00,-1.9942474,-1.591568,2.551492,9.18537,51.40735,10.173929,Bangalore,12.9616,77.5945,13.0,77.5
2025-02-01 11:00:00,-2.0426636,-1.539505,2.5578408,9.208227,52.995575,10.250066,Bangalore,12.9616,77.5945,13.0,77.5
2025-02-01 12:00:00,-2.3389587,-1.2677002,2.6604118,9.577482,61.542603,11.5332775,Bangalore,12.9616,77.5945,13.0,77.5
2025-02-01 13:00:00,-3.0344849,-0.7444763,3.124475,11.24811,76.21539,18.682598,Bangalore,12.9616,77.5945,13.0,77.5
2025-02-01 14:00:00,-4.111786,-0.081207275,4.112588,14.805316,88.86856,42.60413,Bangalore,12.9616,77.5945,13.0,77.5
2025-02-01 15:00:00,-5.0107574,0.9072876,5.0922356,18.332048,100.263214,80.87822,Bangalore,12.9616,77.5945,13.0,77.5
2025-02-01 16:00:00,-5.728195,1.7733154,5.9964046,21.587057,107.201294,132.06232,Bangalore,12.9616,77.5945,13.0,77.5
2025-02-01 17:00:00,-6.0435333,2.459488,6.5248275,23.489378,112.14444,170.14264,Bangalore,12.9616,77.5945,13.0,77.5
2025-02-01 18:00:00,-6.0657654,2.6511536,6.619828,23.83138,113.60861,177.68315,Bangalore,12.9616,77.5945,13.0,77.5
2025-02-01 19:00:00,-5.85968,2.579422,6.4022865,23.048231,113.75903,160.73537,Bangalore,12.9616,77.5945,13.0,77.5
2025-02-01 20:00:00,-5.645645,2.4133606,6.1398387,22.103418,113.145386,141.76761,Bangalore,12.9616,77.5945,13.0,77.5
2025-02-01 21:00:00,-5.225601,2.362442,5.7348094,20.645313,114.32724,115.52156,Bangalore,12.9616,77.5945,13.0,77.5
2025-02-01 22:00:00,-4.89003,2.4659576,5.4766173,19.715822,116.76102,100.610504,Bangalore,12.9616,77.5945,13.0,77.5
2025-02-01 23:00:00,-4.420044,2.4685974,5.062683,18.225658,119.18338,79.47826,Bangalore,12.9616,77.5945,13.0,77.5
2025-02-02 00:00:00,-4.038025,2.3983307,4.6965556,16.9076,120.70761,63.451885,Bangalore,12.9616,77.5945,13.0,77.5
2025-02-02 01:00:00,-3.7714996,2.3707733,4.4547477,16.03709,122.153564,54.14713,Bangalore,12.9616,77.5945,13.0,77.5
2025-02-02 02:00:00,-3.4710388,2.2385101,4.130259,14.868932,122.81839,43.15568,Bangalore,12.9616,77.5945,13.0,77.5
2025-02-02 03:00:00,-2.5813751,1.5788269,3.02592,10.8933115,121.45087,16.969866,Bangalore,12.9616,77.5945,13.0,77.5
2025-02-02 04:00:00,-1.8454895,1.2638855,2.2367918,8.05245,124.405334,6.854611,Bangalore,12.9616,77.5945,13.0,77.5
2025-02-02 05:00:00,-1.3528137,0.6879883,1.5177065,5.463743,116.956116,2.1412604,Bangalore,12.9616,77.5945,13.0,77.5
2025-02-02 06:00:00,-1.4620209,-0.4841156,1.5400887,5.544319,71.67886,2.2373981,Bangalore,12.9616,77.5945,13.0,77.5
2025-02-02 07:00:00,-1.8607635,-1.3068085,2.2738051,8.1856985,54.91974,7.200553,Bangalore,12.9616,77.5945,13.0,77.5
2025-02-02 08:00:00,-2.2340698,-1.4016113,2.637344,9.494438,57.896637,11.235862,Bangalore,12.9616,77.5945,13.0,77.5
2025-02-02 09:00:00,-2.5293884,-1.3324585,2.8588898,10.292003,62.220154,14.311935,Bangalore,12.9616,77.5945,13.0,77.5
2025-02-02 10:00:00,-2.8951874,-1.3172455,3.1807618,11.450742,65.53552,19.710587,Bangalore,12.9616,77.5945,13.0,77.5
2025-02-02 11:00:00,-3.2631836,-1.0679474,3.4334936,12.360577,71.878204,24.792187,Bangalore,12.9616,77.5945,13.0,77.5
2025-02-02 12:00:00,-3.699646,-0.60043335,3.748053,13.4929905,80.781555,32.249523,Bangalore,12.9616,77.5945,13.0,77.5
2025-02-02 13:00:00,-4.757843,0.0974884,4.7588415,17.131828,91.17383,66.01001,Bangalore,12.9616,77.5945,13.0,77.5
2025-02-02 14:00:00,-5.90242,0.7201996,5.946196,21.406305,96.956696,128.7727,Bangalore,12.9616,77.5945,13.0,77.5
2025-02-02 15:00:00,-6.603424,1.2452087,6.7198033,24.191292,100.67886,185.85565,Bangalore,12.9616,77.5945,13.0,77.5
2025-02-02 16:00:00,-6.9705353,1.5420685,7.1390715,25.700657,102.47443,222.85957,Bangalore,12.9616,77.5945,13.0,77.5
2025-02-02 17:00:00,-6.9913025,1.4964447,7.149661,25.73878,102.08148,223.85277,Bangalore,12.9616,77.5945,13.0,77.5
2025-02-02 18:00:00,-6.9637604,1.2976227,7.0836277,25.501059,100.55539,217.70746,Bangalore,12.9616,77.5945,13.0,77.5
2025-02-02 19:00:00,-6.597763,1.02771,6.6773243,24.038366,98.85361,182.35324,Bangalore,12.9616,77.5945,13.0,77.5
2025-02-02 20:00:00,-6.0296936,1.1099243,6.130998,22.071592,100.43005,141.1561,Bangalore,12.9616,77.5945,13.0,77.5
2025-02-02 21:00:00,-5.281845,1.2416229,5.4258194,19.53295,103.228546,97.83678,Bangalore,12.9616,77.5945,13.0,77.5
2025-02-02 22:00:00,-4.508148,1.3802948,4.714723,16.973003,107.02341,64.19108,Bangalore,12.9616,77.5945,13.0,77.5
2025-02-02 23:00:00,-3.850708,1.2900085,4.0610437,14.619757,108.52112,41.022217,Bangalore,12.9616,77.5945,13.0,77.5
2025-02-03 00:00:00,-3.6430817,1.1513977,3.8207016,13.754525,107.539154,34.161385,Bangalore,12.9616,77.5945,13.0,77.5
2025-02-03 01:00:00,-3.3826141,0.8562622,3.489307,12.561504,104.20523,26.020979,Bangalore,12.9616,77.5945,13.0,77.5
2025-02-03 02:00:00,-3.2664795,0.79174805,3.3610644,12.099832,103.62491,23.256086,Bangalore,12.9616,77.5945,13.0,77.5
2025-02-03 03:00:00,-2.7095947,0.72535706,2.805004,10.098014,104.98663,13.517816,Bangalore,12.9616,77.5945,13.0,77.5
2025-02-03 04:00:00,-2.0066986,0.78364563,2.154284,7.755422,111.33139,6.123715,Bangalore,12.9616,77.5945,13.0,77.5
2025-02-03 05:00:00,-2.1307526,0.9403534,2.329028,8.3845005,113.81305,7.738026,Bangalore,12.9616,77.5945,13.0,77.5
2025-02-03 06:00:00,-2.4440308,0.94059753,2.6187801,9.4276085,111.04947,11.000267,Bangalore,12.9616,77.5945,13.0,77.5
2025-02-03 07:00:00,-2.8221283,1.0553741,3.0130088,10.846831,110.50397,16.753569,Bangalore,12.9616,77.5945,13.0,77.5
2025-02-03 08:00:00,-3.064972,1.221878,3.2995512,11.878385,111.73514,22.002434,Bangalore,12.9616,77.5945,13.0,77.5
2025-02-03 09:00:00,-3.3095093,1.4042358,3.595098,12.942352,112.99167,28.460224,Bangalore,12.9616,77.5945,13.0,77.5
2025-02-03 10:00:00,-3.1911926,2.1193237,3.830828,13.79098,123.588776,34.433727,Bangalore,12.9616,77.5945,13.0,77.5
2025-02-03 11:00:00,-3.3190308,2.191208,3.9771042,14.3175745,123.43259,38.53071,Bangalore,12.9616,77.5945,13.0,77.5
2025-02-03 12:00:00,-3.6914215,2.3855896,4.3951826,15.822657,122.87265,52.004013,Bangalore,12.9616,77.5945,13.0,77.5
2025-02-03 13:00:00,-4.5817413,2.9726105,5.4615717,19.661657,122.97528,99.78357,Bangalore,12.9616,77.5945,13.0,77.5
2025-02-03 14:00:00,-5.4633026,3.1952667,6.329092,22.78473,120.321655,155.2853,Bangalore,12.9616,77.5945,13.0,77.5
2025-02-03 15:00:00,-5.8115387,3.2664185,6.666594,23.999739,119.33847,181.47556,Bangalore,12.9616,77.5945,13.0,77.5
2025-02-03 16:00:00,-6.0950623,3.1911316,6.879906,24.767662,117.634766,199.459,Bangalore,12.9616,77.5945,13.0,77.5
2025-02-03 17:00:00,-6.1503143,3.031479,6.856838,24.684616,116.23859,197.4594,Bangalore,12.9616,77.5945,13.0,77.5
2025-02-03 18:00:00,-5.9229584,2.665863,6.4952493,23.382896,114.232025,167.83926,Bangalore,12.9616,77.5945,13.0,77.5
2025-02-03 19:00:00,-5.644928,2.2776642,6.087115,21.913612,111.97351,138.14673,Bangalore,12.9616,77.5945,13.0,77.5
2025-02-03 20:00:00,-5.287384,2.0802765,5.6818995,20.454838,111.476746,112.35354,Bangalore,12.9616,77.5945,13.0,77.5
2025-02-03 21:00:00,-4.8048096,1.940979,5.1820455,18.655363,111.99701,85.23339,Bangalore,12.9616,77.5945,13.0,77.5
2025-02-03 22:00:00,-4.374283,2.2124481,4.9019666,17.64708,116.82962,72.14681,Bangalore,12.9616,77.5945,13.0,77.5
2025-02-03 23:00:00,-4.0547485,2.070984,4.5530167,16.39086,117.05591,57.810116,Bangalore,12.9616,77.5945,13.0,77.5
2025-02-04 00:00:00,-3.8285522,2.0527954,4.3441663,15.638998,118.19934,50.21407,Bangalore,12.9616,77.5945,13.0,77.5
2025-02-04 01:00:00,-3.5630493,1.9894257,4.0808253,14.69097,119.17676,41.624603,Bangalore,12.9616,77.5945,13.0,77.5
2025-02-04 02:00:00,-3.4196167,1.6727142,3.8068032,13.704492,116.065674,33.789936,Bangalore,12.9616,77.5945,13.0,77.5
2025-02-04 03:00:00,-2.99057,1.2437592,3.238896,11.660025,112.58209,20.811197,Bangalore,12.9616,77.5945,13.0,77.5
2025-02-04 04:00:00,-2.159439,1.2344513,2.4873776,8.954559,119.75461,9.426084,Bangalore,12.9616,77.5945,13.0,77.5
2025-02-04 05:00:00,-2.6041718,1.677887,3.097905,11.152457,122.793976,18.210018,Bangalore,12.9616,77.5945,13.0,77.5
2025-02-04 06:00:00,-3.104065,1.5161896,3.4545696,12.43645,116.033325,25.251543,Bangalore,12.9616,77.5945,13.0,77.5
2025-02-04 07:00:00,-3.6066742,1.3890228,3.864904,13.913653,111.06296,35.36081,Bangalore,12.9616,77.5945,13.0,77.5
2025-02-04 08:00:00,-3.963028,1.3116913,4.174461,15.028059,108.3136,44.556114,Bangalore,12.9616,77.5945,13.0,77.5
2025-02-04 09:00:00,-4.1720276,1.2051392,4.3426,15.633359,106.11197,50.15977,Bangalore,12.9616,77.5945,13.0,77.5
2025-02-04 10:00:00,-4.136505,1.4792938,4.393061,15.81502,109.67804,51.928745,Bangalore,12.9616,77.5945,13.0,77.5
2025-02-04 11:00:00,-4.0080414,1.0740356,4.1494517,14.938025,105.0011,43.760098,Bangalore,12.9616,77.5945,13.0,77.5
2025-02-04 12:00:00,-3.877884,1.0638885,4.021174,14.476226,105.34149,39.825813,Bangalore,12.9616,77.5945,13.0,77.5
2025-02-04 13:00:00,-4.638382,1.6175232,4.9123282,17.684381,109.224976,72.605286,Bangalore,12.9616,77.5945,13.0,77.5
2025-02-04 14:00:00,-5.617859,2.0942383,5.995513,21.583847,110.44455,132.0034,Bangalore,12.9616,77.5945,13.0,77.5
2025-02-04 15:00:00,-6.3520355,2.4949036,6.824434,24.56796,111.44351,194.67311,Bangalore,12.9616,77.5945,13.0,77.5
2025-02-04 16:00:00,-6.8231354,2.7784424,7.3671513,26.521744,112.156586,244.90907,Bangalore,12.9616,77.5945,13.0,77.5
2025-02-04 17:00:00,-6.7706146,2.6414337,7.2676263,26.163454,111.31235,235.1169,Bangalore,12.9616,77.5945,13.0,77.5
2025-02-04 18:00:00,-6.655304,2.264679,7.030067,25.30824,108.79248,212.80629,Bangalore,12.9616,77.5945,13.0,77.5
2025-02-04 19:00:00,-6.3251495,1.8715973,6.5962405,23.746466,106.48337,175.79057,Bangalore,12.9616,77.5945,13.0,77.5
2025-02-04 20:00:00,-6.186981,1.4534454,6.35541,22.879477,103.220215,157.23051,Bangalore,12.9616,77.5945,13.0,77.5
2025-02-04 21:00:00,-6.0293274,1.1916656,6.145962,22.125463,101.180115,142.1922,Bangalore,12.9616,77.5945,13.0,77.5
2025-02-04 22:00:00,-6.140564,1.3596344,6.289287,22.641434,102.484924,152.37383,Bangalore,12.9616,77.5945,13.0,77.5
2025-02-04 23:00:00,-5.984604,1.2515411,6.114069,22.010647,101.81183,139.99004,Bangalore,12.9616,77.5945,13.0,77.5
2025-02-05 00:00:00,-5.9782715,1.4597473,6.1539087,22.15407,103.72171,142.74446,Bangalore,12.9616,77.5945,13.0,77.5
2025-02-05 01:00:00,-6.1029816,1.7543945,6.3501406,22.860506,106.038086,156.83974,Bangalore,12.9616,77.5945,13.0,77.5
2025-02-05 02:00:00,-6.1126556,2.0836945,6.4580445,23.24896,108.8233,164.9716,Bangalore,12.9616,77.5945,13.0,77.5
2025-02-05 03:00:00,-5.3355103,1.9959564,5.696623,20.507841,110.510254,113.22922,Bangalore,12.9616,77.5945,13.0,77.5
2025-02-05 04:00:00,-5.19223,2.0917664,5.5977445,20.15188,111.94275,107.43488,Bangalore,12.9616,77.5945,13.0,77.5
2025-02-05 05:00:00,-5.724869,1.9869537,6.059877,21.815556,109.140564,136.30052,Bangalore,12.9616,77.5945,13.0,77.5
2025-02-05 06:00:00,-5.6089478,1.6697693,5.8522153,21.067974,106.578125,122.762856,Bangalore,12.9616,77.5945,13.0,77.5
2025-02-05 07:00:00,-5.3230133,1.332367,5.487228,19.75402,104.05258,101.19641,Bangalore,12.9616,77.5945,13.0,77.5
2025-02-05 08:00:00,-5.185501,1.1976929,5.3220196,19.15927,103.00549,92.328445,Bangalore,12.9616,77.5945,13.0,77.5
2025-02-05 09:00:00,-5.019058,1.0988159,5.1379313,18.496552,102.34885,83.07513,Bangalore,12.9616,77.5945,13.0,77.5
2025-02-05 10:00:00,-5.151596,1.5970001,5.3934546,19.416435,107.22348,96.09641,Bangalore,12.9616,77.5945,13.0,77.5
2025-02-05 11:00:00,-5.1990356,1.7073517,5.4722047,19.699936,108.18005,100.36749,Bangalore,12.9616,77.5945,13.0,77.5
2025-02-05 12:00:00,-5.1622925,2.1363373,5.5868773,20.112759,112.481476,106.810394,Bangalore,12.9616,77.5945,13.0,77.5
2025-02-05 13:00:00,-5.762726,2.9734497,6.4846287,23.344662,117.292816,167.01729,Bangalore,12.9616,77.5945,13.0,77.5
2025-02-05 14:00:00,-6.4343414,3.4450989,7.2985926,26.274933,118.16565,238.13512,Bangalore,12.9616,77.5945,13.0,77.5
2025-02-05 15:00:00,-6.7826843,3.5818787,7.670376,27.613352,117.838135,276.41147,Bangalore,12.9616,77.5945,13.0,77.5
2025-02-05 16:00:00,-6.8324738,3.5653076,7.7067575,27.744326,117.556366,280.3633,Bangalore,12.9616,77.5945,13.0,77.5
2025-02-05 17:00:00,-6.8760986,3.3995514,7.6705723,27.61406,116.30786,276.43268,Bangalore,12.9616,77.5945,13.0,77.5
2025-02-05 18:00:00,-6.684021,3.0895386,7.3635173,26.508661,114.80768,244.54683,Bangalore,12.9616,77.5945,13.0,77.5
2025-02-05 19:00:00,-6.4379425,2.6823425,6.9743867,25.107792,112.618835,207.78976,Bangalore,12.9616,77.5945,13.0,77.5
2025-02-05 20:00:00,-6.2395325,2.16745,6.605271,23.778975,109.15588,176.51352,Bangalore,12.9616,77.5945,13.0,77.5
2025-02-05 21:00:00,-6.171921,1.6061401,6.377483,22.958939,104.58673,158.87442,Bangalore,12.9616,77.5945,13.0,77.5
2025-02-05 22:00:00,-6.5668793,1.5309601,6.742977,24.274717,103.12317,187.78513,Bangalore,12.9616,77.5945,13.0,77.5
2025-02-05 23:00:00,-6.3988647,1.484024,6.5686984,23.647314,103.05719,173.59773,Bangalore,12.9616,77.5945,13.0,77.5
